"[Header]",""," "," "," "," "," "," "," "," "
"IEMFileVersion","4"," "," "," "," "," "," "," "," "
"Investigator","BioSpyder"," "," "," "," "," "," "," "," "
"Project Name","my_project"," "," "," "," "," "," "," "," "
"Experiment Name","my_experiment"," "," "," "," "," "," "," "," "
"Date","01/31/2023"," "," "," "," "," "," "," "," "
"Workflow","GenerateFASTQ"," "," "," "," "," "," "," "," "
"Application","FASTQ Only"," "," "," "," "," "," "," "," "
"Assay","Nextera"," "," "," "," "," "," "," "," "
"Description","MiSeq"," "," "," "," "," "," "," "," "
"Chemistry","Amplicon"," "," "," "," "," "," "," "," "
"Additional Comments","my_comments","","","","","","","",""
"[Manifests]",""," "," "," "," "," "," "," "," "
"",""," "," "," "," "," "," "," "," "
"[Reads]",""," "," "," "," "," "," "," "," "
"50",""," "," "," "," "," "," "," "," "
"[Settings]",""," "," "," "," "," "," "," "," "
"CustomIndexPrimerMix","C2"," "," "," "," "," "," "," "," "
"",""," "," "," "," "," "," "," "," "
"[Data]",""," "," "," "," "," "," "," "," "
"Sample_ID","Sample_Name","Sample_Plate","Sample_Well","I7_Index_ID","index","I5_Index_ID","index2","Sample_Project","Description"
1,Y1,F,A01,R936,TGGAACGCT,F904,CTAATGCAC,,
2,Z1,F,B01,R936,TGGAACGCT,F906,GATGGTTGT,,
3,AA1,F,C01,R936,TGGAACGCT,F908,AAGGTGTTT,,
4,AB1,F,D01,R936,TGGAACGCT,F916,AATTCGGAA,,
5,AC1,F,E01,R936,TGGAACGCT,F927,GACCTTGCT,,
6,AD1,F,F01,R936,TGGAACGCT,F934,TGCATCTGC,,
7,AE1,F,G01,R936,TGGAACGCT,F935,GACGCGTTA,,
8,AF1,F,H01,R936,TGGAACGCT,F936,AGCCTACTT,,
9,Y2,F,A02,R937,ATCGCGACT,F904,CTAATGCAC,,
10,Z2,F,B02,R937,ATCGCGACT,F906,GATGGTTGT,,
11,AA2,F,C02,R937,ATCGCGACT,F908,AAGGTGTTT,,
12,AB2,F,D02,R937,ATCGCGACT,F916,AATTCGGAA,,
13,AC2,F,E02,R937,ATCGCGACT,F927,GACCTTGCT,,
14,AD2,F,F02,R937,ATCGCGACT,F934,TGCATCTGC,,
15,AE2,F,G02,R937,ATCGCGACT,F935,GACGCGTTA,,
16,AF2,F,H02,R937,ATCGCGACT,F936,AGCCTACTT,,
17,Y3,F,A03,R938,ATTCGAATC,F904,CTAATGCAC,,
18,Z3,F,B03,R938,ATTCGAATC,F906,GATGGTTGT,,
19,AA3,F,C03,R938,ATTCGAATC,F908,AAGGTGTTT,,
20,AB3,F,D03,R938,ATTCGAATC,F916,AATTCGGAA,,
21,AC3,F,E03,R938,ATTCGAATC,F927,GACCTTGCT,,
22,AD3,F,F03,R938,ATTCGAATC,F934,TGCATCTGC,,
23,AE3,F,G03,R938,ATTCGAATC,F935,GACGCGTTA,,
24,AF3,F,H03,R938,ATTCGAATC,F936,AGCCTACTT,,
25,Y4,F,A04,R943,TGCTTATTC,F904,CTAATGCAC,,
26,Z4,F,B04,R943,TGCTTATTC,F906,GATGGTTGT,,
27,AA4,F,C04,R943,TGCTTATTC,F908,AAGGTGTTT,,
28,AB4,F,D04,R943,TGCTTATTC,F916,AATTCGGAA,,
29,AC4,F,E04,R943,TGCTTATTC,F927,GACCTTGCT,,
30,AD4,F,F04,R943,TGCTTATTC,F934,TGCATCTGC,,
31,AE4,F,G04,R943,TGCTTATTC,F935,GACGCGTTA,,
32,AF4,F,H04,R943,TGCTTATTC,F936,AGCCTACTT,,
33,Y5,F,A05,R945,TCAGCTAAT,F904,CTAATGCAC,,
34,Z5,F,B05,R945,TCAGCTAAT,F906,GATGGTTGT,,
35,AA5,F,C05,R945,TCAGCTAAT,F908,AAGGTGTTT,,
36,AB5,F,D05,R945,TCAGCTAAT,F916,AATTCGGAA,,
37,AC5,F,E05,R945,TCAGCTAAT,F927,GACCTTGCT,,
38,AD5,F,F05,R945,TCAGCTAAT,F934,TGCATCTGC,,
39,AE5,F,G05,R945,TCAGCTAAT,F935,GACGCGTTA,,
40,AF5,F,H05,R945,TCAGCTAAT,F936,AGCCTACTT,,
41,Y6,F,A06,R946,TGATTAAGC,F904,CTAATGCAC,,
42,Z6,F,B06,R946,TGATTAAGC,F906,GATGGTTGT,,
43,AA6,F,C06,R946,TGATTAAGC,F908,AAGGTGTTT,,
44,AB6,F,D06,R946,TGATTAAGC,F916,AATTCGGAA,,
45,AC6,F,E06,R946,TGATTAAGC,F927,GACCTTGCT,,
46,AD6,F,F06,R946,TGATTAAGC,F934,TGCATCTGC,,
47,AE6,F,G06,R946,TGATTAAGC,F935,GACGCGTTA,,
48,AF6,F,H06,R946,TGATTAAGC,F936,AGCCTACTT,,
49,Y7,F,A07,R951,ATTGGTTGC,F904,CTAATGCAC,,
50,Z7,F,B07,R951,ATTGGTTGC,F906,GATGGTTGT,,
51,AA7,F,C07,R951,ATTGGTTGC,F908,AAGGTGTTT,,
52,AB7,F,D07,R951,ATTGGTTGC,F916,AATTCGGAA,,
53,AC7,F,E07,R951,ATTGGTTGC,F927,GACCTTGCT,,
54,AD7,F,F07,R951,ATTGGTTGC,F934,TGCATCTGC,,
55,AE7,F,G07,R951,ATTGGTTGC,F935,GACGCGTTA,,
56,AF7,F,H07,R951,ATTGGTTGC,F936,AGCCTACTT,,
57,Y8,F,A08,R959,GCTATCGAT,F904,CTAATGCAC,,
58,Z8,F,B08,R959,GCTATCGAT,F906,GATGGTTGT,,
59,AA8,F,C08,R959,GCTATCGAT,F908,AAGGTGTTT,,
60,AB8,F,D08,R959,GCTATCGAT,F916,AATTCGGAA,,
61,AC8,F,E08,R959,GCTATCGAT,F927,GACCTTGCT,,
62,AD8,F,F08,R959,GCTATCGAT,F934,TGCATCTGC,,
63,AE8,F,G08,R959,GCTATCGAT,F935,GACGCGTTA,,
64,AF8,F,H08,R959,GCTATCGAT,F936,AGCCTACTT,,
65,Y9,F,A09,R983,TAGCGACAA,F904,CTAATGCAC,,
66,Z9,F,B09,R983,TAGCGACAA,F906,GATGGTTGT,,
67,AA9,F,C09,R983,TAGCGACAA,F908,AAGGTGTTT,,
68,AB9,F,D09,R983,TAGCGACAA,F916,AATTCGGAA,,
69,AC9,F,E09,R983,TAGCGACAA,F927,GACCTTGCT,,
70,AD9,F,F09,R983,TAGCGACAA,F934,TGCATCTGC,,
71,AE9,F,G09,R983,TAGCGACAA,F935,GACGCGTTA,,
72,AF9,F,H09,R983,TAGCGACAA,F936,AGCCTACTT,,
73,Y10,F,A10,R986,ACCTGAGGC,F904,CTAATGCAC,,
74,Z10,F,B10,R986,ACCTGAGGC,F906,GATGGTTGT,,
75,AA10,F,C10,R986,ACCTGAGGC,F908,AAGGTGTTT,,
76,AB10,F,D10,R986,ACCTGAGGC,F916,AATTCGGAA,,
77,AC10,F,E10,R986,ACCTGAGGC,F927,GACCTTGCT,,
78,AD10,F,F10,R986,ACCTGAGGC,F934,TGCATCTGC,,
79,AE10,F,G10,R986,ACCTGAGGC,F935,GACGCGTTA,,
80,AF10,F,H10,R986,ACCTGAGGC,F936,AGCCTACTT,,
81,Y11,F,A11,R990,AGCCGATTA,F904,CTAATGCAC,,
82,Z11,F,B11,R990,AGCCGATTA,F906,GATGGTTGT,,
83,AA11,F,C11,R990,AGCCGATTA,F908,AAGGTGTTT,,
84,AB11,F,D11,R990,AGCCGATTA,F916,AATTCGGAA,,
85,AC11,F,E11,R990,AGCCGATTA,F927,GACCTTGCT,,
86,AD11,F,F11,R990,AGCCGATTA,F934,TGCATCTGC,,
87,AE11,F,G11,R990,AGCCGATTA,F935,GACGCGTTA,,
88,AF11,F,H11,R990,AGCCGATTA,F936,AGCCTACTT,,
89,Y12,F,A12,R996,GATAGCGGA,F904,CTAATGCAC,,
90,Z12,F,B12,R996,GATAGCGGA,F906,GATGGTTGT,,
91,AA12,F,C12,R996,GATAGCGGA,F908,AAGGTGTTT,,
92,AB12,F,D12,R996,GATAGCGGA,F916,AATTCGGAA,,
93,AC12,F,E12,R996,GATAGCGGA,F927,GACCTTGCT,,
94,AD12,F,F12,R996,GATAGCGGA,F934,TGCATCTGC,,
95,AE12,F,G12,R996,GATAGCGGA,F935,GACGCGTTA,,
96,AF12,F,H12,R996,GATAGCGGA,F936,AGCCTACTT,,
97,A1,G,A01,R902,TCCTCAGCC,F937,ATGGTTAGA,,
98,B1,G,B01,R902,TCCTCAGCC,F938,GCTGCGTAT,,
99,C1,G,C01,R902,TCCTCAGCC,F939,TGTAACGGC,,
100,D1,G,D01,R902,TCCTCAGCC,F940,AATAGGTGC,,
101,E1,G,E01,R902,TCCTCAGCC,F941,AACACAATC,,
102,F1,G,F01,R902,TCCTCAGCC,F942,TGCCGGTAT,,
103,G1,G,G01,R902,TCCTCAGCC,F943,TAAGTTACG,,
104,H1,G,H01,R902,TCCTCAGCC,F944,AGCTAGACC,,
105,A2,G,A02,R908,AAGACTCTT,F937,ATGGTTAGA,,
106,B2,G,B02,R908,AAGACTCTT,F938,GCTGCGTAT,,
107,C2,G,C02,R908,AAGACTCTT,F939,TGTAACGGC,,
108,D2,G,D02,R908,AAGACTCTT,F940,AATAGGTGC,,
109,E2,G,E02,R908,AAGACTCTT,F941,AACACAATC,,
110,F2,G,F02,R908,AAGACTCTT,F942,TGCCGGTAT,,
111,G2,G,G02,R908,AAGACTCTT,F943,TAAGTTACG,,
112,H2,G,H02,R908,AAGACTCTT,F944,AGCTAGACC,,
113,A3,G,A03,R911,GGGTTGTTA,F937,ATGGTTAGA,,
114,B3,G,B03,R911,GGGTTGTTA,F938,GCTGCGTAT,,
115,C3,G,C03,R911,GGGTTGTTA,F939,TGTAACGGC,,
116,D3,G,D03,R911,GGGTTGTTA,F940,AATAGGTGC,,
117,E3,G,E03,R911,GGGTTGTTA,F941,AACACAATC,,
118,F3,G,F03,R911,GGGTTGTTA,F942,TGCCGGTAT,,
119,G3,G,G03,R911,GGGTTGTTA,F943,TAAGTTACG,,
120,H3,G,H03,R911,GGGTTGTTA,F944,AGCTAGACC,,
121,A4,G,A04,R912,GAACTGTAT,F937,ATGGTTAGA,,
122,B4,G,B04,R912,GAACTGTAT,F938,GCTGCGTAT,,
123,C4,G,C04,R912,GAACTGTAT,F939,TGTAACGGC,,
124,D4,G,D04,R912,GAACTGTAT,F940,AATAGGTGC,,
125,E4,G,E04,R912,GAACTGTAT,F941,AACACAATC,,
126,F4,G,F04,R912,GAACTGTAT,F942,TGCCGGTAT,,
127,G4,G,G04,R912,GAACTGTAT,F943,TAAGTTACG,,
128,H4,G,H04,R912,GAACTGTAT,F944,AGCTAGACC,,
129,A5,G,A05,R913,GTTTATACT,F937,ATGGTTAGA,,
130,B5,G,B05,R913,GTTTATACT,F938,GCTGCGTAT,,
131,C5,G,C05,R913,GTTTATACT,F939,TGTAACGGC,,
132,D5,G,D05,R913,GTTTATACT,F940,AATAGGTGC,,
133,E5,G,E05,R913,GTTTATACT,F941,AACACAATC,,
134,F5,G,F05,R913,GTTTATACT,F942,TGCCGGTAT,,
135,G5,G,G05,R913,GTTTATACT,F943,TAAGTTACG,,
136,H5,G,H05,R913,GTTTATACT,F944,AGCTAGACC,,
137,A6,G,A06,R919,ACTCATGTA,F937,ATGGTTAGA,,
138,B6,G,B06,R919,ACTCATGTA,F938,GCTGCGTAT,,
139,C6,G,C06,R919,ACTCATGTA,F939,TGTAACGGC,,
140,D6,G,D06,R919,ACTCATGTA,F940,AATAGGTGC,,
141,E6,G,E06,R919,ACTCATGTA,F941,AACACAATC,,
142,F6,G,F06,R919,ACTCATGTA,F942,TGCCGGTAT,,
143,G6,G,G06,R919,ACTCATGTA,F943,TAAGTTACG,,
144,H6,G,H06,R919,ACTCATGTA,F944,AGCTAGACC,,
145,A7,G,A07,R920,ATTCGCTCT,F937,ATGGTTAGA,,
146,B7,G,B07,R920,ATTCGCTCT,F938,GCTGCGTAT,,
147,C7,G,C07,R920,ATTCGCTCT,F939,TGTAACGGC,,
148,D7,G,D07,R920,ATTCGCTCT,F940,AATAGGTGC,,
149,E7,G,E07,R920,ATTCGCTCT,F941,AACACAATC,,
150,F7,G,F07,R920,ATTCGCTCT,F942,TGCCGGTAT,,
151,G7,G,G07,R920,ATTCGCTCT,F943,TAAGTTACG,,
152,H7,G,H07,R920,ATTCGCTCT,F944,AGCTAGACC,,
153,A8,G,A08,R921,TCAGTACAT,F937,ATGGTTAGA,,
154,B8,G,B08,R921,TCAGTACAT,F938,GCTGCGTAT,,
155,C8,G,C08,R921,TCAGTACAT,F939,TGTAACGGC,,
156,D8,G,D08,R921,TCAGTACAT,F940,AATAGGTGC,,
157,E8,G,E08,R921,TCAGTACAT,F941,AACACAATC,,
158,F8,G,F08,R921,TCAGTACAT,F942,TGCCGGTAT,,
159,G8,G,G08,R921,TCAGTACAT,F943,TAAGTTACG,,
160,H8,G,H08,R921,TCAGTACAT,F944,AGCTAGACC,,
161,A9,G,A09,R922,TAAGGTAGC,F937,ATGGTTAGA,,
162,B9,G,B09,R922,TAAGGTAGC,F938,GCTGCGTAT,,
163,C9,G,C09,R922,TAAGGTAGC,F939,TGTAACGGC,,
164,D9,G,D09,R922,TAAGGTAGC,F940,AATAGGTGC,,
165,E9,G,E09,R922,TAAGGTAGC,F941,AACACAATC,,
166,F9,G,F09,R922,TAAGGTAGC,F942,TGCCGGTAT,,
167,G9,G,G09,R922,TAAGGTAGC,F943,TAAGTTACG,,
168,H9,G,H09,R922,TAAGGTAGC,F944,AGCTAGACC,,
169,A10,G,A10,R923,TGCATGACA,F937,ATGGTTAGA,,
170,B10,G,B10,R923,TGCATGACA,F938,GCTGCGTAT,,
171,C10,G,C10,R923,TGCATGACA,F939,TGTAACGGC,,
172,D10,G,D10,R923,TGCATGACA,F940,AATAGGTGC,,
173,E10,G,E10,R923,TGCATGACA,F941,AACACAATC,,
174,F10,G,F10,R923,TGCATGACA,F942,TGCCGGTAT,,
175,G10,G,G10,R923,TGCATGACA,F943,TAAGTTACG,,
176,H10,G,H10,R923,TGCATGACA,F944,AGCTAGACC,,
177,A11,G,A11,R924,GACTTCATT,F937,ATGGTTAGA,,
178,B11,G,B11,R924,GACTTCATT,F938,GCTGCGTAT,,
179,C11,G,C11,R924,GACTTCATT,F939,TGTAACGGC,,
180,D11,G,D11,R924,GACTTCATT,F940,AATAGGTGC,,
181,E11,G,E11,R924,GACTTCATT,F941,AACACAATC,,
182,F11,G,F11,R924,GACTTCATT,F942,TGCCGGTAT,,
183,G11,G,G11,R924,GACTTCATT,F943,TAAGTTACG,,
184,H11,G,H11,R924,GACTTCATT,F944,AGCTAGACC,,
185,A12,G,A12,R935,TAGCTCTTC,F937,ATGGTTAGA,,
186,B12,G,B12,R935,TAGCTCTTC,F938,GCTGCGTAT,,
187,C12,G,C12,R935,TAGCTCTTC,F939,TGTAACGGC,,
188,D12,G,D12,R935,TAGCTCTTC,F940,AATAGGTGC,,
189,E12,G,E12,R935,TAGCTCTTC,F941,AACACAATC,,
190,F12,G,F12,R935,TAGCTCTTC,F942,TGCCGGTAT,,
191,G12,G,G12,R935,TAGCTCTTC,F943,TAAGTTACG,,
192,H12,G,H12,R935,TAGCTCTTC,F944,AGCTAGACC,,
193,I1,H,A01,R936,TGGAACGCT,F937,ATGGTTAGA,,
194,J1,H,B01,R936,TGGAACGCT,F938,GCTGCGTAT,,
195,K1,H,C01,R936,TGGAACGCT,F939,TGTAACGGC,,
196,L1,H,D01,R936,TGGAACGCT,F940,AATAGGTGC,,
197,M1,H,E01,R936,TGGAACGCT,F941,AACACAATC,,
198,N1,H,F01,R936,TGGAACGCT,F942,TGCCGGTAT,,
199,O1,H,G01,R936,TGGAACGCT,F943,TAAGTTACG,,
200,P1,H,H01,R936,TGGAACGCT,F944,AGCTAGACC,,
201,I2,H,A02,R937,ATCGCGACT,F937,ATGGTTAGA,,
202,J2,H,B02,R937,ATCGCGACT,F938,GCTGCGTAT,,
203,K2,H,C02,R937,ATCGCGACT,F939,TGTAACGGC,,
204,L2,H,D02,R937,ATCGCGACT,F940,AATAGGTGC,,
205,M2,H,E02,R937,ATCGCGACT,F941,AACACAATC,,
206,N2,H,F02,R937,ATCGCGACT,F942,TGCCGGTAT,,
207,O2,H,G02,R937,ATCGCGACT,F943,TAAGTTACG,,
208,P2,H,H02,R937,ATCGCGACT,F944,AGCTAGACC,,
209,I3,H,A03,R938,ATTCGAATC,F937,ATGGTTAGA,,
210,J3,H,B03,R938,ATTCGAATC,F938,GCTGCGTAT,,
211,K3,H,C03,R938,ATTCGAATC,F939,TGTAACGGC,,
212,L3,H,D03,R938,ATTCGAATC,F940,AATAGGTGC,,
213,M3,H,E03,R938,ATTCGAATC,F941,AACACAATC,,
214,N3,H,F03,R938,ATTCGAATC,F942,TGCCGGTAT,,
215,O3,H,G03,R938,ATTCGAATC,F943,TAAGTTACG,,
216,P3,H,H03,R938,ATTCGAATC,F944,AGCTAGACC,,
217,I4,H,A04,R943,TGCTTATTC,F937,ATGGTTAGA,,
218,J4,H,B04,R943,TGCTTATTC,F938,GCTGCGTAT,,
219,K4,H,C04,R943,TGCTTATTC,F939,TGTAACGGC,,
220,L4,H,D04,R943,TGCTTATTC,F940,AATAGGTGC,,
221,M4,H,E04,R943,TGCTTATTC,F941,AACACAATC,,
222,N4,H,F04,R943,TGCTTATTC,F942,TGCCGGTAT,,
223,O4,H,G04,R943,TGCTTATTC,F943,TAAGTTACG,,
224,P4,H,H04,R943,TGCTTATTC,F944,AGCTAGACC,,
225,I5,H,A05,R945,TCAGCTAAT,F937,ATGGTTAGA,,
226,J5,H,B05,R945,TCAGCTAAT,F938,GCTGCGTAT,,
227,K5,H,C05,R945,TCAGCTAAT,F939,TGTAACGGC,,
228,L5,H,D05,R945,TCAGCTAAT,F940,AATAGGTGC,,
229,M5,H,E05,R945,TCAGCTAAT,F941,AACACAATC,,
230,N5,H,F05,R945,TCAGCTAAT,F942,TGCCGGTAT,,
231,O5,H,G05,R945,TCAGCTAAT,F943,TAAGTTACG,,
232,P5,H,H05,R945,TCAGCTAAT,F944,AGCTAGACC,,
233,I6,H,A06,R946,TGATTAAGC,F937,ATGGTTAGA,,
234,J6,H,B06,R946,TGATTAAGC,F938,GCTGCGTAT,,
235,K6,H,C06,R946,TGATTAAGC,F939,TGTAACGGC,,
236,L6,H,D06,R946,TGATTAAGC,F940,AATAGGTGC,,
237,M6,H,E06,R946,TGATTAAGC,F941,AACACAATC,,
238,N6,H,F06,R946,TGATTAAGC,F942,TGCCGGTAT,,
239,O6,H,G06,R946,TGATTAAGC,F943,TAAGTTACG,,
240,P6,H,H06,R946,TGATTAAGC,F944,AGCTAGACC,,
241,I7,H,A07,R951,ATTGGTTGC,F937,ATGGTTAGA,,
242,J7,H,B07,R951,ATTGGTTGC,F938,GCTGCGTAT,,
243,K7,H,C07,R951,ATTGGTTGC,F939,TGTAACGGC,,
244,L7,H,D07,R951,ATTGGTTGC,F940,AATAGGTGC,,
245,M7,H,E07,R951,ATTGGTTGC,F941,AACACAATC,,
246,N7,H,F07,R951,ATTGGTTGC,F942,TGCCGGTAT,,
247,O7,H,G07,R951,ATTGGTTGC,F943,TAAGTTACG,,
248,P7,H,H07,R951,ATTGGTTGC,F944,AGCTAGACC,,
249,I8,H,A08,R959,GCTATCGAT,F937,ATGGTTAGA,,
250,J8,H,B08,R959,GCTATCGAT,F938,GCTGCGTAT,,
251,K8,H,C08,R959,GCTATCGAT,F939,TGTAACGGC,,
252,L8,H,D08,R959,GCTATCGAT,F940,AATAGGTGC,,
253,M8,H,E08,R959,GCTATCGAT,F941,AACACAATC,,
254,N8,H,F08,R959,GCTATCGAT,F942,TGCCGGTAT,,
255,O8,H,G08,R959,GCTATCGAT,F943,TAAGTTACG,,
256,P8,H,H08,R959,GCTATCGAT,F944,AGCTAGACC,,
257,I9,H,A09,R983,TAGCGACAA,F937,ATGGTTAGA,,
258,J9,H,B09,R983,TAGCGACAA,F938,GCTGCGTAT,,
259,K9,H,C09,R983,TAGCGACAA,F939,TGTAACGGC,,
260,L9,H,D09,R983,TAGCGACAA,F940,AATAGGTGC,,
261,M9,H,E09,R983,TAGCGACAA,F941,AACACAATC,,
262,N9,H,F09,R983,TAGCGACAA,F942,TGCCGGTAT,,
263,O9,H,G09,R983,TAGCGACAA,F943,TAAGTTACG,,
264,P9,H,H09,R983,TAGCGACAA,F944,AGCTAGACC,,
265,I10,H,A10,R986,ACCTGAGGC,F937,ATGGTTAGA,,
266,J10,H,B10,R986,ACCTGAGGC,F938,GCTGCGTAT,,
267,K10,H,C10,R986,ACCTGAGGC,F939,TGTAACGGC,,
268,L10,H,D10,R986,ACCTGAGGC,F940,AATAGGTGC,,
269,M10,H,E10,R986,ACCTGAGGC,F941,AACACAATC,,
270,N10,H,F10,R986,ACCTGAGGC,F942,TGCCGGTAT,,
271,O10,H,G10,R986,ACCTGAGGC,F943,TAAGTTACG,,
272,P10,H,H10,R986,ACCTGAGGC,F944,AGCTAGACC,,
273,I11,H,A11,R990,AGCCGATTA,F937,ATGGTTAGA,,
274,J11,H,B11,R990,AGCCGATTA,F938,GCTGCGTAT,,
275,K11,H,C11,R990,AGCCGATTA,F939,TGTAACGGC,,
276,L11,H,D11,R990,AGCCGATTA,F940,AATAGGTGC,,
277,M11,H,E11,R990,AGCCGATTA,F941,AACACAATC,,
278,N11,H,F11,R990,AGCCGATTA,F942,TGCCGGTAT,,
279,O11,H,G11,R990,AGCCGATTA,F943,TAAGTTACG,,
280,P11,H,H11,R990,AGCCGATTA,F944,AGCTAGACC,,
281,I12,H,A12,R996,GATAGCGGA,F937,ATGGTTAGA,,
282,J12,H,B12,R996,GATAGCGGA,F938,GCTGCGTAT,,
283,K12,H,C12,R996,GATAGCGGA,F939,TGTAACGGC,,
284,L12,H,D12,R996,GATAGCGGA,F940,AATAGGTGC,,
285,M12,H,E12,R996,GATAGCGGA,F941,AACACAATC,,
286,N12,H,F12,R996,GATAGCGGA,F942,TGCCGGTAT,,
287,O12,H,G12,R996,GATAGCGGA,F943,TAAGTTACG,,
288,P12,H,H12,R996,GATAGCGGA,F944,AGCTAGACC,,
289,Q1,I,A01,R902,TCCTCAGCC,F910,GGACTAAGA,,
290,R1,I,B01,R902,TCCTCAGCC,F913,CGTAGATTT,,
291,S1,I,C01,R902,TCCTCAGCC,F914,GCTCAGCTT,,
292,T1,I,D01,R902,TCCTCAGCC,F915,GGTATCCTT,,
293,U1,I,E01,R902,TCCTCAGCC,F923,GGTTAAGGC,,
294,V1,I,F01,R902,TCCTCAGCC,F928,AGATTGAGT,,
295,W1,I,G01,R902,TCCTCAGCC,F930,GCGATAGCA,,
296,X1,I,H01,R902,TCCTCAGCC,F933,CCAAGTCGT,,
297,Q2,I,A02,R908,AAGACTCTT,F910,GGACTAAGA,,
298,R2,I,B02,R908,AAGACTCTT,F913,CGTAGATTT,,
299,S2,I,C02,R908,AAGACTCTT,F914,GCTCAGCTT,,
300,T2,I,D02,R908,AAGACTCTT,F915,GGTATCCTT,,
301,U2,I,E02,R908,AAGACTCTT,F923,GGTTAAGGC,,
302,V2,I,F02,R908,AAGACTCTT,F928,AGATTGAGT,,
303,W2,I,G02,R908,AAGACTCTT,F930,GCGATAGCA,,
304,X2,I,H02,R908,AAGACTCTT,F933,CCAAGTCGT,,
305,Q3,I,A03,R911,GGGTTGTTA,F910,GGACTAAGA,,
306,R3,I,B03,R911,GGGTTGTTA,F913,CGTAGATTT,,
307,S3,I,C03,R911,GGGTTGTTA,F914,GCTCAGCTT,,
308,T3,I,D03,R911,GGGTTGTTA,F915,GGTATCCTT,,
309,U3,I,E03,R911,GGGTTGTTA,F923,GGTTAAGGC,,
310,V3,I,F03,R911,GGGTTGTTA,F928,AGATTGAGT,,
311,W3,I,G03,R911,GGGTTGTTA,F930,GCGATAGCA,,
312,X3,I,H03,R911,GGGTTGTTA,F933,CCAAGTCGT,,
313,Q4,I,A04,R912,GAACTGTAT,F910,GGACTAAGA,,
314,R4,I,B04,R912,GAACTGTAT,F913,CGTAGATTT,,
315,S4,I,C04,R912,GAACTGTAT,F914,GCTCAGCTT,,
316,T4,I,D04,R912,GAACTGTAT,F915,GGTATCCTT,,
317,U4,I,E04,R912,GAACTGTAT,F923,GGTTAAGGC,,
318,V4,I,F04,R912,GAACTGTAT,F928,AGATTGAGT,,
319,W4,I,G04,R912,GAACTGTAT,F930,GCGATAGCA,,
320,X4,I,H04,R912,GAACTGTAT,F933,CCAAGTCGT,,
321,Q5,I,A05,R913,GTTTATACT,F910,GGACTAAGA,,
322,R5,I,B05,R913,GTTTATACT,F913,CGTAGATTT,,
323,S5,I,C05,R913,GTTTATACT,F914,GCTCAGCTT,,
324,T5,I,D05,R913,GTTTATACT,F915,GGTATCCTT,,
325,U5,I,E05,R913,GTTTATACT,F923,GGTTAAGGC,,
326,V5,I,F05,R913,GTTTATACT,F928,AGATTGAGT,,
327,W5,I,G05,R913,GTTTATACT,F930,GCGATAGCA,,
328,X5,I,H05,R913,GTTTATACT,F933,CCAAGTCGT,,
329,Q6,I,A06,R919,ACTCATGTA,F910,GGACTAAGA,,
330,R6,I,B06,R919,ACTCATGTA,F913,CGTAGATTT,,
331,S6,I,C06,R919,ACTCATGTA,F914,GCTCAGCTT,,
332,T6,I,D06,R919,ACTCATGTA,F915,GGTATCCTT,,
333,U6,I,E06,R919,ACTCATGTA,F923,GGTTAAGGC,,
334,V6,I,F06,R919,ACTCATGTA,F928,AGATTGAGT,,
335,W6,I,G06,R919,ACTCATGTA,F930,GCGATAGCA,,
336,X6,I,H06,R919,ACTCATGTA,F933,CCAAGTCGT,,
337,Q7,I,A07,R920,ATTCGCTCT,F910,GGACTAAGA,,
338,R7,I,B07,R920,ATTCGCTCT,F913,CGTAGATTT,,
339,S7,I,C07,R920,ATTCGCTCT,F914,GCTCAGCTT,,
340,T7,I,D07,R920,ATTCGCTCT,F915,GGTATCCTT,,
341,U7,I,E07,R920,ATTCGCTCT,F923,GGTTAAGGC,,
342,V7,I,F07,R920,ATTCGCTCT,F928,AGATTGAGT,,
343,W7,I,G07,R920,ATTCGCTCT,F930,GCGATAGCA,,
344,X7,I,H07,R920,ATTCGCTCT,F933,CCAAGTCGT,,
345,Q8,I,A08,R921,TCAGTACAT,F910,GGACTAAGA,,
346,R8,I,B08,R921,TCAGTACAT,F913,CGTAGATTT,,
347,S8,I,C08,R921,TCAGTACAT,F914,GCTCAGCTT,,
348,T8,I,D08,R921,TCAGTACAT,F915,GGTATCCTT,,
349,U8,I,E08,R921,TCAGTACAT,F923,GGTTAAGGC,,
350,V8,I,F08,R921,TCAGTACAT,F928,AGATTGAGT,,
351,W8,I,G08,R921,TCAGTACAT,F930,GCGATAGCA,,
352,X8,I,H08,R921,TCAGTACAT,F933,CCAAGTCGT,,
353,Q9,I,A09,R922,TAAGGTAGC,F910,GGACTAAGA,,
354,R9,I,B09,R922,TAAGGTAGC,F913,CGTAGATTT,,
355,S9,I,C09,R922,TAAGGTAGC,F914,GCTCAGCTT,,
356,T9,I,D09,R922,TAAGGTAGC,F915,GGTATCCTT,,
357,U9,I,E09,R922,TAAGGTAGC,F923,GGTTAAGGC,,
358,V9,I,F09,R922,TAAGGTAGC,F928,AGATTGAGT,,
359,W9,I,G09,R922,TAAGGTAGC,F930,GCGATAGCA,,
360,X9,I,H09,R922,TAAGGTAGC,F933,CCAAGTCGT,,
361,Q10,I,A10,R923,TGCATGACA,F910,GGACTAAGA,,
362,R10,I,B10,R923,TGCATGACA,F913,CGTAGATTT,,
363,S10,I,C10,R923,TGCATGACA,F914,GCTCAGCTT,,
364,T10,I,D10,R923,TGCATGACA,F915,GGTATCCTT,,
365,U10,I,E10,R923,TGCATGACA,F923,GGTTAAGGC,,
366,V10,I,F10,R923,TGCATGACA,F928,AGATTGAGT,,
367,W10,I,G10,R923,TGCATGACA,F930,GCGATAGCA,,
368,X10,I,H10,R923,TGCATGACA,F933,CCAAGTCGT,,
369,Q11,I,A11,R924,GACTTCATT,F910,GGACTAAGA,,
370,R11,I,B11,R924,GACTTCATT,F913,CGTAGATTT,,
371,S11,I,C11,R924,GACTTCATT,F914,GCTCAGCTT,,
372,T11,I,D11,R924,GACTTCATT,F915,GGTATCCTT,,
373,U11,I,E11,R924,GACTTCATT,F923,GGTTAAGGC,,
374,V11,I,F11,R924,GACTTCATT,F928,AGATTGAGT,,
375,W11,I,G11,R924,GACTTCATT,F930,GCGATAGCA,,
376,X11,I,H11,R924,GACTTCATT,F933,CCAAGTCGT,,
377,Q12,I,A12,R935,TAGCTCTTC,F910,GGACTAAGA,,
378,R12,I,B12,R935,TAGCTCTTC,F913,CGTAGATTT,,
379,S12,I,C12,R935,TAGCTCTTC,F914,GCTCAGCTT,,
380,T12,I,D12,R935,TAGCTCTTC,F915,GGTATCCTT,,
381,U12,I,E12,R935,TAGCTCTTC,F923,GGTTAAGGC,,
382,V12,I,F12,R935,TAGCTCTTC,F928,AGATTGAGT,,
383,W12,I,G12,R935,TAGCTCTTC,F930,GCGATAGCA,,
384,X12,I,H12,R935,TAGCTCTTC,F933,CCAAGTCGT,,
