,Sample_ID,Sample_Name,Sample_Plate,Sample_Well,I7_Index_ID,index,I5_Index_ID,index2,Sample_Project,Description
0,1,__Plate_E_A01,E,A01,R902,TCCTCAGCC,F904,CTAATGCAC,,
1,2,__Plate_E_B01,E,B01,R902,TCCTCAGCC,F906,GATGGTTGT,,
2,3,__Plate_E_C01,E,C01,R902,TCCTCAGCC,F908,AAGGTGTTT,,
3,4,__Plate_E_D01,E,D01,R902,TCCTCAGCC,F916,AATTCGGAA,,
4,5,__Plate_E_E01,E,E01,R902,TCCTCAGCC,F927,GACCTTGCT,,
5,6,__Plate_E_F01,E,F01,R902,TCCTCAGCC,F934,TGCATCTGC,,
6,7,__Plate_E_G01,E,G01,R902,TCCTCAGCC,F935,GACGCGTTA,,
7,8,__Plate_E_H01,E,H01,R902,TCCTCAGCC,F936,AGCCTACTT,,
8,9,__Plate_E_A02,E,A02,R908,AAGACTCTT,F904,CTAATGCAC,,
9,10,__Plate_E_B02,E,B02,R908,AAGACTCTT,F906,GATGGTTGT,,
10,11,__Plate_E_C02,E,C02,R908,AAGACTCTT,F908,AAGGTGTTT,,
11,12,__Plate_E_D02,E,D02,R908,AAGACTCTT,F916,AATTCGGAA,,
12,13,__Plate_E_E02,E,E02,R908,AAGACTCTT,F927,GACCTTGCT,,
13,14,__Plate_E_F02,E,F02,R908,AAGACTCTT,F934,TGCATCTGC,,
14,15,__Plate_E_G02,E,G02,R908,AAGACTCTT,F935,GACGCGTTA,,
15,16,__Plate_E_H02,E,H02,R908,AAGACTCTT,F936,AGCCTACTT,,
16,17,__Plate_E_A03,E,A03,R911,GGGTTGTTA,F904,CTAATGCAC,,
17,18,__Plate_E_B03,E,B03,R911,GGGTTGTTA,F906,GATGGTTGT,,
18,19,__Plate_E_C03,E,C03,R911,GGGTTGTTA,F908,AAGGTGTTT,,
19,20,__Plate_E_D03,E,D03,R911,GGGTTGTTA,F916,AATTCGGAA,,
20,21,__Plate_E_E03,E,E03,R911,GGGTTGTTA,F927,GACCTTGCT,,
21,22,__Plate_E_F03,E,F03,R911,GGGTTGTTA,F934,TGCATCTGC,,
22,23,__Plate_E_G03,E,G03,R911,GGGTTGTTA,F935,GACGCGTTA,,
23,24,__Plate_E_H03,E,H03,R911,GGGTTGTTA,F936,AGCCTACTT,,
24,25,__Plate_E_A04,E,A04,R912,GAACTGTAT,F904,CTAATGCAC,,
25,26,__Plate_E_B04,E,B04,R912,GAACTGTAT,F906,GATGGTTGT,,
26,27,__Plate_E_C04,E,C04,R912,GAACTGTAT,F908,AAGGTGTTT,,
27,28,__Plate_E_D04,E,D04,R912,GAACTGTAT,F916,AATTCGGAA,,
28,29,__Plate_E_E04,E,E04,R912,GAACTGTAT,F927,GACCTTGCT,,
29,30,__Plate_E_F04,E,F04,R912,GAACTGTAT,F934,TGCATCTGC,,
30,31,__Plate_E_G04,E,G04,R912,GAACTGTAT,F935,GACGCGTTA,,
31,32,__Plate_E_H04,E,H04,R912,GAACTGTAT,F936,AGCCTACTT,,
32,33,__Plate_E_A05,E,A05,R913,GTTTATACT,F904,CTAATGCAC,,
33,34,__Plate_E_B05,E,B05,R913,GTTTATACT,F906,GATGGTTGT,,
34,35,__Plate_E_C05,E,C05,R913,GTTTATACT,F908,AAGGTGTTT,,
35,36,__Plate_E_D05,E,D05,R913,GTTTATACT,F916,AATTCGGAA,,
36,37,__Plate_E_E05,E,E05,R913,GTTTATACT,F927,GACCTTGCT,,
37,38,__Plate_E_F05,E,F05,R913,GTTTATACT,F934,TGCATCTGC,,
38,39,__Plate_E_G05,E,G05,R913,GTTTATACT,F935,GACGCGTTA,,
39,40,__Plate_E_H05,E,H05,R913,GTTTATACT,F936,AGCCTACTT,,
40,41,__Plate_E_A06,E,A06,R919,ACTCATGTA,F904,CTAATGCAC,,
41,42,__Plate_E_B06,E,B06,R919,ACTCATGTA,F906,GATGGTTGT,,
42,43,__Plate_E_C06,E,C06,R919,ACTCATGTA,F908,AAGGTGTTT,,
43,44,__Plate_E_D06,E,D06,R919,ACTCATGTA,F916,AATTCGGAA,,
44,45,__Plate_E_E06,E,E06,R919,ACTCATGTA,F927,GACCTTGCT,,
45,46,__Plate_E_F06,E,F06,R919,ACTCATGTA,F934,TGCATCTGC,,
46,47,__Plate_E_G06,E,G06,R919,ACTCATGTA,F935,GACGCGTTA,,
47,48,__Plate_E_H06,E,H06,R919,ACTCATGTA,F936,AGCCTACTT,,
48,49,__Plate_E_A07,E,A07,R920,ATTCGCTCT,F904,CTAATGCAC,,
49,50,__Plate_E_B07,E,B07,R920,ATTCGCTCT,F906,GATGGTTGT,,
50,51,__Plate_E_C07,E,C07,R920,ATTCGCTCT,F908,AAGGTGTTT,,
51,52,__Plate_E_D07,E,D07,R920,ATTCGCTCT,F916,AATTCGGAA,,
52,53,__Plate_E_E07,E,E07,R920,ATTCGCTCT,F927,GACCTTGCT,,
53,54,__Plate_E_F07,E,F07,R920,ATTCGCTCT,F934,TGCATCTGC,,
54,55,__Plate_E_G07,E,G07,R920,ATTCGCTCT,F935,GACGCGTTA,,
55,56,__Plate_E_H07,E,H07,R920,ATTCGCTCT,F936,AGCCTACTT,,
56,57,__Plate_E_A08,E,A08,R921,TCAGTACAT,F904,CTAATGCAC,,
57,58,__Plate_E_B08,E,B08,R921,TCAGTACAT,F906,GATGGTTGT,,
58,59,__Plate_E_C08,E,C08,R921,TCAGTACAT,F908,AAGGTGTTT,,
59,60,__Plate_E_D08,E,D08,R921,TCAGTACAT,F916,AATTCGGAA,,
60,61,__Plate_E_E08,E,E08,R921,TCAGTACAT,F927,GACCTTGCT,,
61,62,__Plate_E_F08,E,F08,R921,TCAGTACAT,F934,TGCATCTGC,,
62,63,__Plate_E_G08,E,G08,R921,TCAGTACAT,F935,GACGCGTTA,,
63,64,__Plate_E_H08,E,H08,R921,TCAGTACAT,F936,AGCCTACTT,,
64,65,__Plate_E_A09,E,A09,R922,TAAGGTAGC,F904,CTAATGCAC,,
65,66,__Plate_E_B09,E,B09,R922,TAAGGTAGC,F906,GATGGTTGT,,
66,67,__Plate_E_C09,E,C09,R922,TAAGGTAGC,F908,AAGGTGTTT,,
67,68,__Plate_E_D09,E,D09,R922,TAAGGTAGC,F916,AATTCGGAA,,
68,69,__Plate_E_E09,E,E09,R922,TAAGGTAGC,F927,GACCTTGCT,,
69,70,__Plate_E_F09,E,F09,R922,TAAGGTAGC,F934,TGCATCTGC,,
70,71,__Plate_E_G09,E,G09,R922,TAAGGTAGC,F935,GACGCGTTA,,
71,72,__Plate_E_H09,E,H09,R922,TAAGGTAGC,F936,AGCCTACTT,,
72,73,__Plate_E_A10,E,A10,R923,TGCATGACA,F904,CTAATGCAC,,
73,74,__Plate_E_B10,E,B10,R923,TGCATGACA,F906,GATGGTTGT,,
74,75,__Plate_E_C10,E,C10,R923,TGCATGACA,F908,AAGGTGTTT,,
75,76,__Plate_E_D10,E,D10,R923,TGCATGACA,F916,AATTCGGAA,,
76,77,__Plate_E_E10,E,E10,R923,TGCATGACA,F927,GACCTTGCT,,
77,78,__Plate_E_F10,E,F10,R923,TGCATGACA,F934,TGCATCTGC,,
78,79,__Plate_E_G10,E,G10,R923,TGCATGACA,F935,GACGCGTTA,,
79,80,__Plate_E_H10,E,H10,R923,TGCATGACA,F936,AGCCTACTT,,
80,81,__Plate_E_A11,E,A11,R924,GACTTCATT,F904,CTAATGCAC,,
81,82,__Plate_E_B11,E,B11,R924,GACTTCATT,F906,GATGGTTGT,,
82,83,__Plate_E_C11,E,C11,R924,GACTTCATT,F908,AAGGTGTTT,,
83,84,__Plate_E_D11,E,D11,R924,GACTTCATT,F916,AATTCGGAA,,
84,85,__Plate_E_E11,E,E11,R924,GACTTCATT,F927,GACCTTGCT,,
85,86,__Plate_E_F11,E,F11,R924,GACTTCATT,F934,TGCATCTGC,,
86,87,__Plate_E_G11,E,G11,R924,GACTTCATT,F935,GACGCGTTA,,
87,88,__Plate_E_H11,E,H11,R924,GACTTCATT,F936,AGCCTACTT,,
88,89,__Plate_E_A12,E,A12,R935,TAGCTCTTC,F904,CTAATGCAC,,
89,90,__Plate_E_B12,E,B12,R935,TAGCTCTTC,F906,GATGGTTGT,,
90,91,__Plate_E_C12,E,C12,R935,TAGCTCTTC,F908,AAGGTGTTT,,
91,92,__Plate_E_D12,E,D12,R935,TAGCTCTTC,F916,AATTCGGAA,,
92,93,__Plate_E_E12,E,E12,R935,TAGCTCTTC,F927,GACCTTGCT,,
93,94,__Plate_E_F12,E,F12,R935,TAGCTCTTC,F934,TGCATCTGC,,
94,95,__Plate_E_G12,E,G12,R935,TAGCTCTTC,F935,GACGCGTTA,,
95,96,__Plate_E_H12,E,H12,R935,TAGCTCTTC,F936,AGCCTACTT,,
96,97,__Plate_F_A01,F,A01,R936,TGGAACGCT,F904,CTAATGCAC,,
97,98,__Plate_F_B01,F,B01,R936,TGGAACGCT,F906,GATGGTTGT,,
98,99,__Plate_F_C01,F,C01,R936,TGGAACGCT,F908,AAGGTGTTT,,
99,100,__Plate_F_D01,F,D01,R936,TGGAACGCT,F916,AATTCGGAA,,
100,101,__Plate_F_E01,F,E01,R936,TGGAACGCT,F927,GACCTTGCT,,
101,102,__Plate_F_F01,F,F01,R936,TGGAACGCT,F934,TGCATCTGC,,
102,103,__Plate_F_G01,F,G01,R936,TGGAACGCT,F935,GACGCGTTA,,
103,104,__Plate_F_H01,F,H01,R936,TGGAACGCT,F936,AGCCTACTT,,
104,105,__Plate_F_A02,F,A02,R937,ATCGCGACT,F904,CTAATGCAC,,
105,106,__Plate_F_B02,F,B02,R937,ATCGCGACT,F906,GATGGTTGT,,
106,107,__Plate_F_C02,F,C02,R937,ATCGCGACT,F908,AAGGTGTTT,,
107,108,__Plate_F_D02,F,D02,R937,ATCGCGACT,F916,AATTCGGAA,,
108,109,__Plate_F_E02,F,E02,R937,ATCGCGACT,F927,GACCTTGCT,,
109,110,__Plate_F_F02,F,F02,R937,ATCGCGACT,F934,TGCATCTGC,,
110,111,__Plate_F_G02,F,G02,R937,ATCGCGACT,F935,GACGCGTTA,,
111,112,__Plate_F_H02,F,H02,R937,ATCGCGACT,F936,AGCCTACTT,,
112,113,__Plate_F_A03,F,A03,R938,ATTCGAATC,F904,CTAATGCAC,,
113,114,__Plate_F_B03,F,B03,R938,ATTCGAATC,F906,GATGGTTGT,,
114,115,__Plate_F_C03,F,C03,R938,ATTCGAATC,F908,AAGGTGTTT,,
115,116,__Plate_F_D03,F,D03,R938,ATTCGAATC,F916,AATTCGGAA,,
116,117,__Plate_F_E03,F,E03,R938,ATTCGAATC,F927,GACCTTGCT,,
117,118,__Plate_F_F03,F,F03,R938,ATTCGAATC,F934,TGCATCTGC,,
118,119,__Plate_F_G03,F,G03,R938,ATTCGAATC,F935,GACGCGTTA,,
119,120,__Plate_F_H03,F,H03,R938,ATTCGAATC,F936,AGCCTACTT,,
120,121,__Plate_F_A04,F,A04,R943,TGCTTATTC,F904,CTAATGCAC,,
121,122,__Plate_F_B04,F,B04,R943,TGCTTATTC,F906,GATGGTTGT,,
122,123,__Plate_F_C04,F,C04,R943,TGCTTATTC,F908,AAGGTGTTT,,
123,124,__Plate_F_D04,F,D04,R943,TGCTTATTC,F916,AATTCGGAA,,
124,125,__Plate_F_E04,F,E04,R943,TGCTTATTC,F927,GACCTTGCT,,
125,126,__Plate_F_F04,F,F04,R943,TGCTTATTC,F934,TGCATCTGC,,
126,127,__Plate_F_G04,F,G04,R943,TGCTTATTC,F935,GACGCGTTA,,
127,128,__Plate_F_H04,F,H04,R943,TGCTTATTC,F936,AGCCTACTT,,
128,129,__Plate_F_A05,F,A05,R945,TCAGCTAAT,F904,CTAATGCAC,,
129,130,__Plate_F_B05,F,B05,R945,TCAGCTAAT,F906,GATGGTTGT,,
130,131,__Plate_F_C05,F,C05,R945,TCAGCTAAT,F908,AAGGTGTTT,,
131,132,__Plate_F_D05,F,D05,R945,TCAGCTAAT,F916,AATTCGGAA,,
132,133,__Plate_F_E05,F,E05,R945,TCAGCTAAT,F927,GACCTTGCT,,
133,134,__Plate_F_F05,F,F05,R945,TCAGCTAAT,F934,TGCATCTGC,,
134,135,__Plate_F_G05,F,G05,R945,TCAGCTAAT,F935,GACGCGTTA,,
135,136,__Plate_F_H05,F,H05,R945,TCAGCTAAT,F936,AGCCTACTT,,
136,137,__Plate_F_A06,F,A06,R946,TGATTAAGC,F904,CTAATGCAC,,
137,138,__Plate_F_B06,F,B06,R946,TGATTAAGC,F906,GATGGTTGT,,
138,139,__Plate_F_C06,F,C06,R946,TGATTAAGC,F908,AAGGTGTTT,,
139,140,__Plate_F_D06,F,D06,R946,TGATTAAGC,F916,AATTCGGAA,,
140,141,__Plate_F_E06,F,E06,R946,TGATTAAGC,F927,GACCTTGCT,,
141,142,__Plate_F_F06,F,F06,R946,TGATTAAGC,F934,TGCATCTGC,,
142,143,__Plate_F_G06,F,G06,R946,TGATTAAGC,F935,GACGCGTTA,,
143,144,__Plate_F_H06,F,H06,R946,TGATTAAGC,F936,AGCCTACTT,,
144,145,__Plate_F_A07,F,A07,R951,ATTGGTTGC,F904,CTAATGCAC,,
145,146,__Plate_F_B07,F,B07,R951,ATTGGTTGC,F906,GATGGTTGT,,
146,147,__Plate_F_C07,F,C07,R951,ATTGGTTGC,F908,AAGGTGTTT,,
147,148,__Plate_F_D07,F,D07,R951,ATTGGTTGC,F916,AATTCGGAA,,
148,149,__Plate_F_E07,F,E07,R951,ATTGGTTGC,F927,GACCTTGCT,,
149,150,__Plate_F_F07,F,F07,R951,ATTGGTTGC,F934,TGCATCTGC,,
150,151,__Plate_F_G07,F,G07,R951,ATTGGTTGC,F935,GACGCGTTA,,
151,152,__Plate_F_H07,F,H07,R951,ATTGGTTGC,F936,AGCCTACTT,,
152,153,__Plate_F_A08,F,A08,R959,GCTATCGAT,F904,CTAATGCAC,,
153,154,__Plate_F_B08,F,B08,R959,GCTATCGAT,F906,GATGGTTGT,,
154,155,__Plate_F_C08,F,C08,R959,GCTATCGAT,F908,AAGGTGTTT,,
155,156,__Plate_F_D08,F,D08,R959,GCTATCGAT,F916,AATTCGGAA,,
156,157,__Plate_F_E08,F,E08,R959,GCTATCGAT,F927,GACCTTGCT,,
157,158,__Plate_F_F08,F,F08,R959,GCTATCGAT,F934,TGCATCTGC,,
158,159,__Plate_F_G08,F,G08,R959,GCTATCGAT,F935,GACGCGTTA,,
159,160,__Plate_F_H08,F,H08,R959,GCTATCGAT,F936,AGCCTACTT,,
160,161,__Plate_F_A09,F,A09,R983,TAGCGACAA,F904,CTAATGCAC,,
161,162,__Plate_F_B09,F,B09,R983,TAGCGACAA,F906,GATGGTTGT,,
162,163,__Plate_F_C09,F,C09,R983,TAGCGACAA,F908,AAGGTGTTT,,
163,164,__Plate_F_D09,F,D09,R983,TAGCGACAA,F916,AATTCGGAA,,
164,165,__Plate_F_E09,F,E09,R983,TAGCGACAA,F927,GACCTTGCT,,
165,166,__Plate_F_F09,F,F09,R983,TAGCGACAA,F934,TGCATCTGC,,
166,167,__Plate_F_G09,F,G09,R983,TAGCGACAA,F935,GACGCGTTA,,
167,168,__Plate_F_H09,F,H09,R983,TAGCGACAA,F936,AGCCTACTT,,
168,169,__Plate_F_A10,F,A10,R986,ACCTGAGGC,F904,CTAATGCAC,,
169,170,__Plate_F_B10,F,B10,R986,ACCTGAGGC,F906,GATGGTTGT,,
170,171,__Plate_F_C10,F,C10,R986,ACCTGAGGC,F908,AAGGTGTTT,,
171,172,__Plate_F_D10,F,D10,R986,ACCTGAGGC,F916,AATTCGGAA,,
172,173,__Plate_F_E10,F,E10,R986,ACCTGAGGC,F927,GACCTTGCT,,
173,174,__Plate_F_F10,F,F10,R986,ACCTGAGGC,F934,TGCATCTGC,,
174,175,__Plate_F_G10,F,G10,R986,ACCTGAGGC,F935,GACGCGTTA,,
175,176,__Plate_F_H10,F,H10,R986,ACCTGAGGC,F936,AGCCTACTT,,
176,177,__Plate_F_A11,F,A11,R990,AGCCGATTA,F904,CTAATGCAC,,
177,178,__Plate_F_B11,F,B11,R990,AGCCGATTA,F906,GATGGTTGT,,
178,179,__Plate_F_C11,F,C11,R990,AGCCGATTA,F908,AAGGTGTTT,,
179,180,__Plate_F_D11,F,D11,R990,AGCCGATTA,F916,AATTCGGAA,,
180,181,__Plate_F_E11,F,E11,R990,AGCCGATTA,F927,GACCTTGCT,,
181,182,__Plate_F_F11,F,F11,R990,AGCCGATTA,F934,TGCATCTGC,,
182,183,__Plate_F_G11,F,G11,R990,AGCCGATTA,F935,GACGCGTTA,,
183,184,__Plate_F_H11,F,H11,R990,AGCCGATTA,F936,AGCCTACTT,,
184,185,__Plate_F_A12,F,A12,R996,GATAGCGGA,F904,CTAATGCAC,,
185,186,__Plate_F_B12,F,B12,R996,GATAGCGGA,F906,GATGGTTGT,,
186,187,__Plate_F_C12,F,C12,R996,GATAGCGGA,F908,AAGGTGTTT,,
187,188,__Plate_F_D12,F,D12,R996,GATAGCGGA,F916,AATTCGGAA,,
188,189,__Plate_F_E12,F,E12,R996,GATAGCGGA,F927,GACCTTGCT,,
189,190,__Plate_F_F12,F,F12,R996,GATAGCGGA,F934,TGCATCTGC,,
190,191,__Plate_F_G12,F,G12,R996,GATAGCGGA,F935,GACGCGTTA,,
191,192,__Plate_F_H12,F,H12,R996,GATAGCGGA,F936,AGCCTACTT,,
192,193,__Plate_G_A01,G,A01,R902,TCCTCAGCC,F937,ATGGTTAGA,,
193,194,__Plate_G_B01,G,B01,R902,TCCTCAGCC,F938,GCTGCGTAT,,
194,195,__Plate_G_C01,G,C01,R902,TCCTCAGCC,F939,TGTAACGGC,,
195,196,__Plate_G_D01,G,D01,R902,TCCTCAGCC,F940,AATAGGTGC,,
196,197,__Plate_G_E01,G,E01,R902,TCCTCAGCC,F941,AACACAATC,,
197,198,__Plate_G_F01,G,F01,R902,TCCTCAGCC,F942,TGCCGGTAT,,
198,199,__Plate_G_G01,G,G01,R902,TCCTCAGCC,F943,TAAGTTACG,,
199,200,__Plate_G_H01,G,H01,R902,TCCTCAGCC,F944,AGCTAGACC,,
200,201,__Plate_G_A02,G,A02,R908,AAGACTCTT,F937,ATGGTTAGA,,
201,202,__Plate_G_B02,G,B02,R908,AAGACTCTT,F938,GCTGCGTAT,,
202,203,__Plate_G_C02,G,C02,R908,AAGACTCTT,F939,TGTAACGGC,,
203,204,__Plate_G_D02,G,D02,R908,AAGACTCTT,F940,AATAGGTGC,,
204,205,__Plate_G_E02,G,E02,R908,AAGACTCTT,F941,AACACAATC,,
205,206,__Plate_G_F02,G,F02,R908,AAGACTCTT,F942,TGCCGGTAT,,
206,207,__Plate_G_G02,G,G02,R908,AAGACTCTT,F943,TAAGTTACG,,
207,208,__Plate_G_H02,G,H02,R908,AAGACTCTT,F944,AGCTAGACC,,
208,209,__Plate_G_A03,G,A03,R911,GGGTTGTTA,F937,ATGGTTAGA,,
209,210,__Plate_G_B03,G,B03,R911,GGGTTGTTA,F938,GCTGCGTAT,,
210,211,__Plate_G_C03,G,C03,R911,GGGTTGTTA,F939,TGTAACGGC,,
211,212,__Plate_G_D03,G,D03,R911,GGGTTGTTA,F940,AATAGGTGC,,
212,213,__Plate_G_E03,G,E03,R911,GGGTTGTTA,F941,AACACAATC,,
213,214,__Plate_G_F03,G,F03,R911,GGGTTGTTA,F942,TGCCGGTAT,,
214,215,__Plate_G_G03,G,G03,R911,GGGTTGTTA,F943,TAAGTTACG,,
215,216,__Plate_G_H03,G,H03,R911,GGGTTGTTA,F944,AGCTAGACC,,
216,217,__Plate_G_A04,G,A04,R912,GAACTGTAT,F937,ATGGTTAGA,,
217,218,__Plate_G_B04,G,B04,R912,GAACTGTAT,F938,GCTGCGTAT,,
218,219,__Plate_G_C04,G,C04,R912,GAACTGTAT,F939,TGTAACGGC,,
219,220,__Plate_G_D04,G,D04,R912,GAACTGTAT,F940,AATAGGTGC,,
220,221,__Plate_G_E04,G,E04,R912,GAACTGTAT,F941,AACACAATC,,
221,222,__Plate_G_F04,G,F04,R912,GAACTGTAT,F942,TGCCGGTAT,,
222,223,__Plate_G_G04,G,G04,R912,GAACTGTAT,F943,TAAGTTACG,,
223,224,__Plate_G_H04,G,H04,R912,GAACTGTAT,F944,AGCTAGACC,,
224,225,__Plate_G_A05,G,A05,R913,GTTTATACT,F937,ATGGTTAGA,,
225,226,__Plate_G_B05,G,B05,R913,GTTTATACT,F938,GCTGCGTAT,,
226,227,__Plate_G_C05,G,C05,R913,GTTTATACT,F939,TGTAACGGC,,
227,228,__Plate_G_D05,G,D05,R913,GTTTATACT,F940,AATAGGTGC,,
228,229,__Plate_G_E05,G,E05,R913,GTTTATACT,F941,AACACAATC,,
229,230,__Plate_G_F05,G,F05,R913,GTTTATACT,F942,TGCCGGTAT,,
230,231,__Plate_G_G05,G,G05,R913,GTTTATACT,F943,TAAGTTACG,,
231,232,__Plate_G_H05,G,H05,R913,GTTTATACT,F944,AGCTAGACC,,
232,233,__Plate_G_A06,G,A06,R919,ACTCATGTA,F937,ATGGTTAGA,,
233,234,__Plate_G_B06,G,B06,R919,ACTCATGTA,F938,GCTGCGTAT,,
234,235,__Plate_G_C06,G,C06,R919,ACTCATGTA,F939,TGTAACGGC,,
235,236,__Plate_G_D06,G,D06,R919,ACTCATGTA,F940,AATAGGTGC,,
236,237,__Plate_G_E06,G,E06,R919,ACTCATGTA,F941,AACACAATC,,
237,238,__Plate_G_F06,G,F06,R919,ACTCATGTA,F942,TGCCGGTAT,,
238,239,__Plate_G_G06,G,G06,R919,ACTCATGTA,F943,TAAGTTACG,,
239,240,__Plate_G_H06,G,H06,R919,ACTCATGTA,F944,AGCTAGACC,,
240,241,__Plate_G_A07,G,A07,R920,ATTCGCTCT,F937,ATGGTTAGA,,
241,242,__Plate_G_B07,G,B07,R920,ATTCGCTCT,F938,GCTGCGTAT,,
242,243,__Plate_G_C07,G,C07,R920,ATTCGCTCT,F939,TGTAACGGC,,
243,244,__Plate_G_D07,G,D07,R920,ATTCGCTCT,F940,AATAGGTGC,,
244,245,__Plate_G_E07,G,E07,R920,ATTCGCTCT,F941,AACACAATC,,
245,246,__Plate_G_F07,G,F07,R920,ATTCGCTCT,F942,TGCCGGTAT,,
246,247,__Plate_G_G07,G,G07,R920,ATTCGCTCT,F943,TAAGTTACG,,
247,248,__Plate_G_H07,G,H07,R920,ATTCGCTCT,F944,AGCTAGACC,,
248,249,__Plate_G_A08,G,A08,R921,TCAGTACAT,F937,ATGGTTAGA,,
249,250,__Plate_G_B08,G,B08,R921,TCAGTACAT,F938,GCTGCGTAT,,
250,251,__Plate_G_C08,G,C08,R921,TCAGTACAT,F939,TGTAACGGC,,
251,252,__Plate_G_D08,G,D08,R921,TCAGTACAT,F940,AATAGGTGC,,
252,253,__Plate_G_E08,G,E08,R921,TCAGTACAT,F941,AACACAATC,,
253,254,__Plate_G_F08,G,F08,R921,TCAGTACAT,F942,TGCCGGTAT,,
254,255,__Plate_G_G08,G,G08,R921,TCAGTACAT,F943,TAAGTTACG,,
255,256,__Plate_G_H08,G,H08,R921,TCAGTACAT,F944,AGCTAGACC,,
256,257,__Plate_G_A09,G,A09,R922,TAAGGTAGC,F937,ATGGTTAGA,,
257,258,__Plate_G_B09,G,B09,R922,TAAGGTAGC,F938,GCTGCGTAT,,
258,259,__Plate_G_C09,G,C09,R922,TAAGGTAGC,F939,TGTAACGGC,,
259,260,__Plate_G_D09,G,D09,R922,TAAGGTAGC,F940,AATAGGTGC,,
260,261,__Plate_G_E09,G,E09,R922,TAAGGTAGC,F941,AACACAATC,,
261,262,__Plate_G_F09,G,F09,R922,TAAGGTAGC,F942,TGCCGGTAT,,
262,263,__Plate_G_G09,G,G09,R922,TAAGGTAGC,F943,TAAGTTACG,,
263,264,__Plate_G_H09,G,H09,R922,TAAGGTAGC,F944,AGCTAGACC,,
264,265,__Plate_G_A10,G,A10,R923,TGCATGACA,F937,ATGGTTAGA,,
265,266,__Plate_G_B10,G,B10,R923,TGCATGACA,F938,GCTGCGTAT,,
266,267,__Plate_G_C10,G,C10,R923,TGCATGACA,F939,TGTAACGGC,,
267,268,__Plate_G_D10,G,D10,R923,TGCATGACA,F940,AATAGGTGC,,
268,269,__Plate_G_E10,G,E10,R923,TGCATGACA,F941,AACACAATC,,
269,270,__Plate_G_F10,G,F10,R923,TGCATGACA,F942,TGCCGGTAT,,
270,271,__Plate_G_G10,G,G10,R923,TGCATGACA,F943,TAAGTTACG,,
271,272,__Plate_G_H10,G,H10,R923,TGCATGACA,F944,AGCTAGACC,,
272,273,__Plate_G_A11,G,A11,R924,GACTTCATT,F937,ATGGTTAGA,,
273,274,__Plate_G_B11,G,B11,R924,GACTTCATT,F938,GCTGCGTAT,,
274,275,__Plate_G_C11,G,C11,R924,GACTTCATT,F939,TGTAACGGC,,
275,276,__Plate_G_D11,G,D11,R924,GACTTCATT,F940,AATAGGTGC,,
276,277,__Plate_G_E11,G,E11,R924,GACTTCATT,F941,AACACAATC,,
277,278,__Plate_G_F11,G,F11,R924,GACTTCATT,F942,TGCCGGTAT,,
278,279,__Plate_G_G11,G,G11,R924,GACTTCATT,F943,TAAGTTACG,,
279,280,__Plate_G_H11,G,H11,R924,GACTTCATT,F944,AGCTAGACC,,
280,281,__Plate_G_A12,G,A12,R935,TAGCTCTTC,F937,ATGGTTAGA,,
281,282,__Plate_G_B12,G,B12,R935,TAGCTCTTC,F938,GCTGCGTAT,,
282,283,__Plate_G_C12,G,C12,R935,TAGCTCTTC,F939,TGTAACGGC,,
283,284,__Plate_G_D12,G,D12,R935,TAGCTCTTC,F940,AATAGGTGC,,
284,285,__Plate_G_E12,G,E12,R935,TAGCTCTTC,F941,AACACAATC,,
285,286,__Plate_G_F12,G,F12,R935,TAGCTCTTC,F942,TGCCGGTAT,,
286,287,__Plate_G_G12,G,G12,R935,TAGCTCTTC,F943,TAAGTTACG,,
287,288,__Plate_G_H12,G,H12,R935,TAGCTCTTC,F944,AGCTAGACC,,
288,289,__Plate_H_A01,H,A01,R936,TGGAACGCT,F937,ATGGTTAGA,,
289,290,__Plate_H_B01,H,B01,R936,TGGAACGCT,F938,GCTGCGTAT,,
290,291,__Plate_H_C01,H,C01,R936,TGGAACGCT,F939,TGTAACGGC,,
291,292,__Plate_H_D01,H,D01,R936,TGGAACGCT,F940,AATAGGTGC,,
292,293,__Plate_H_E01,H,E01,R936,TGGAACGCT,F941,AACACAATC,,
293,294,__Plate_H_F01,H,F01,R936,TGGAACGCT,F942,TGCCGGTAT,,
294,295,__Plate_H_G01,H,G01,R936,TGGAACGCT,F943,TAAGTTACG,,
295,296,__Plate_H_H01,H,H01,R936,TGGAACGCT,F944,AGCTAGACC,,
296,297,__Plate_H_A02,H,A02,R937,ATCGCGACT,F937,ATGGTTAGA,,
297,298,__Plate_H_B02,H,B02,R937,ATCGCGACT,F938,GCTGCGTAT,,
298,299,__Plate_H_C02,H,C02,R937,ATCGCGACT,F939,TGTAACGGC,,
299,300,__Plate_H_D02,H,D02,R937,ATCGCGACT,F940,AATAGGTGC,,
300,301,__Plate_H_E02,H,E02,R937,ATCGCGACT,F941,AACACAATC,,
301,302,__Plate_H_F02,H,F02,R937,ATCGCGACT,F942,TGCCGGTAT,,
302,303,__Plate_H_G02,H,G02,R937,ATCGCGACT,F943,TAAGTTACG,,
303,304,__Plate_H_H02,H,H02,R937,ATCGCGACT,F944,AGCTAGACC,,
304,305,__Plate_H_A03,H,A03,R938,ATTCGAATC,F937,ATGGTTAGA,,
305,306,__Plate_H_B03,H,B03,R938,ATTCGAATC,F938,GCTGCGTAT,,
306,307,__Plate_H_C03,H,C03,R938,ATTCGAATC,F939,TGTAACGGC,,
307,308,__Plate_H_D03,H,D03,R938,ATTCGAATC,F940,AATAGGTGC,,
308,309,__Plate_H_E03,H,E03,R938,ATTCGAATC,F941,AACACAATC,,
309,310,__Plate_H_F03,H,F03,R938,ATTCGAATC,F942,TGCCGGTAT,,
310,311,__Plate_H_G03,H,G03,R938,ATTCGAATC,F943,TAAGTTACG,,
311,312,__Plate_H_H03,H,H03,R938,ATTCGAATC,F944,AGCTAGACC,,
312,313,__Plate_H_A04,H,A04,R943,TGCTTATTC,F937,ATGGTTAGA,,
313,314,__Plate_H_B04,H,B04,R943,TGCTTATTC,F938,GCTGCGTAT,,
314,315,__Plate_H_C04,H,C04,R943,TGCTTATTC,F939,TGTAACGGC,,
315,316,__Plate_H_D04,H,D04,R943,TGCTTATTC,F940,AATAGGTGC,,
316,317,__Plate_H_E04,H,E04,R943,TGCTTATTC,F941,AACACAATC,,
317,318,__Plate_H_F04,H,F04,R943,TGCTTATTC,F942,TGCCGGTAT,,
318,319,__Plate_H_G04,H,G04,R943,TGCTTATTC,F943,TAAGTTACG,,
319,320,__Plate_H_H04,H,H04,R943,TGCTTATTC,F944,AGCTAGACC,,
320,321,__Plate_H_A05,H,A05,R945,TCAGCTAAT,F937,ATGGTTAGA,,
321,322,__Plate_H_B05,H,B05,R945,TCAGCTAAT,F938,GCTGCGTAT,,
322,323,__Plate_H_C05,H,C05,R945,TCAGCTAAT,F939,TGTAACGGC,,
323,324,__Plate_H_D05,H,D05,R945,TCAGCTAAT,F940,AATAGGTGC,,
324,325,__Plate_H_E05,H,E05,R945,TCAGCTAAT,F941,AACACAATC,,
325,326,__Plate_H_F05,H,F05,R945,TCAGCTAAT,F942,TGCCGGTAT,,
326,327,__Plate_H_G05,H,G05,R945,TCAGCTAAT,F943,TAAGTTACG,,
327,328,__Plate_H_H05,H,H05,R945,TCAGCTAAT,F944,AGCTAGACC,,
328,329,__Plate_H_A06,H,A06,R946,TGATTAAGC,F937,ATGGTTAGA,,
329,330,__Plate_H_B06,H,B06,R946,TGATTAAGC,F938,GCTGCGTAT,,
330,331,__Plate_H_C06,H,C06,R946,TGATTAAGC,F939,TGTAACGGC,,
331,332,__Plate_H_D06,H,D06,R946,TGATTAAGC,F940,AATAGGTGC,,
332,333,__Plate_H_E06,H,E06,R946,TGATTAAGC,F941,AACACAATC,,
333,334,__Plate_H_F06,H,F06,R946,TGATTAAGC,F942,TGCCGGTAT,,
334,335,__Plate_H_G06,H,G06,R946,TGATTAAGC,F943,TAAGTTACG,,
335,336,__Plate_H_H06,H,H06,R946,TGATTAAGC,F944,AGCTAGACC,,
336,337,__Plate_H_A07,H,A07,R951,ATTGGTTGC,F937,ATGGTTAGA,,
337,338,__Plate_H_B07,H,B07,R951,ATTGGTTGC,F938,GCTGCGTAT,,
338,339,__Plate_H_C07,H,C07,R951,ATTGGTTGC,F939,TGTAACGGC,,
339,340,__Plate_H_D07,H,D07,R951,ATTGGTTGC,F940,AATAGGTGC,,
340,341,__Plate_H_E07,H,E07,R951,ATTGGTTGC,F941,AACACAATC,,
341,342,__Plate_H_F07,H,F07,R951,ATTGGTTGC,F942,TGCCGGTAT,,
342,343,__Plate_H_G07,H,G07,R951,ATTGGTTGC,F943,TAAGTTACG,,
343,344,__Plate_H_H07,H,H07,R951,ATTGGTTGC,F944,AGCTAGACC,,
344,345,__Plate_H_A08,H,A08,R959,GCTATCGAT,F937,ATGGTTAGA,,
345,346,__Plate_H_B08,H,B08,R959,GCTATCGAT,F938,GCTGCGTAT,,
346,347,__Plate_H_C08,H,C08,R959,GCTATCGAT,F939,TGTAACGGC,,
347,348,__Plate_H_D08,H,D08,R959,GCTATCGAT,F940,AATAGGTGC,,
348,349,__Plate_H_E08,H,E08,R959,GCTATCGAT,F941,AACACAATC,,
349,350,__Plate_H_F08,H,F08,R959,GCTATCGAT,F942,TGCCGGTAT,,
350,351,__Plate_H_G08,H,G08,R959,GCTATCGAT,F943,TAAGTTACG,,
351,352,__Plate_H_H08,H,H08,R959,GCTATCGAT,F944,AGCTAGACC,,
352,353,__Plate_H_A09,H,A09,R983,TAGCGACAA,F937,ATGGTTAGA,,
353,354,__Plate_H_B09,H,B09,R983,TAGCGACAA,F938,GCTGCGTAT,,
354,355,__Plate_H_C09,H,C09,R983,TAGCGACAA,F939,TGTAACGGC,,
355,356,__Plate_H_D09,H,D09,R983,TAGCGACAA,F940,AATAGGTGC,,
356,357,__Plate_H_E09,H,E09,R983,TAGCGACAA,F941,AACACAATC,,
357,358,__Plate_H_F09,H,F09,R983,TAGCGACAA,F942,TGCCGGTAT,,
358,359,__Plate_H_G09,H,G09,R983,TAGCGACAA,F943,TAAGTTACG,,
359,360,__Plate_H_H09,H,H09,R983,TAGCGACAA,F944,AGCTAGACC,,
360,361,__Plate_H_A10,H,A10,R986,ACCTGAGGC,F937,ATGGTTAGA,,
361,362,__Plate_H_B10,H,B10,R986,ACCTGAGGC,F938,GCTGCGTAT,,
362,363,__Plate_H_C10,H,C10,R986,ACCTGAGGC,F939,TGTAACGGC,,
363,364,__Plate_H_D10,H,D10,R986,ACCTGAGGC,F940,AATAGGTGC,,
364,365,__Plate_H_E10,H,E10,R986,ACCTGAGGC,F941,AACACAATC,,
365,366,__Plate_H_F10,H,F10,R986,ACCTGAGGC,F942,TGCCGGTAT,,
366,367,__Plate_H_G10,H,G10,R986,ACCTGAGGC,F943,TAAGTTACG,,
367,368,__Plate_H_H10,H,H10,R986,ACCTGAGGC,F944,AGCTAGACC,,
368,369,__Plate_H_A11,H,A11,R990,AGCCGATTA,F937,ATGGTTAGA,,
369,370,__Plate_H_B11,H,B11,R990,AGCCGATTA,F938,GCTGCGTAT,,
370,371,__Plate_H_C11,H,C11,R990,AGCCGATTA,F939,TGTAACGGC,,
371,372,__Plate_H_D11,H,D11,R990,AGCCGATTA,F940,AATAGGTGC,,
372,373,__Plate_H_E11,H,E11,R990,AGCCGATTA,F941,AACACAATC,,
373,374,__Plate_H_F11,H,F11,R990,AGCCGATTA,F942,TGCCGGTAT,,
374,375,__Plate_H_G11,H,G11,R990,AGCCGATTA,F943,TAAGTTACG,,
375,376,__Plate_H_H11,H,H11,R990,AGCCGATTA,F944,AGCTAGACC,,
376,377,__Plate_H_A12,H,A12,R996,GATAGCGGA,F937,ATGGTTAGA,,
377,378,__Plate_H_B12,H,B12,R996,GATAGCGGA,F938,GCTGCGTAT,,
378,379,__Plate_H_C12,H,C12,R996,GATAGCGGA,F939,TGTAACGGC,,
379,380,__Plate_H_D12,H,D12,R996,GATAGCGGA,F940,AATAGGTGC,,
380,381,__Plate_H_E12,H,E12,R996,GATAGCGGA,F941,AACACAATC,,
381,382,__Plate_H_F12,H,F12,R996,GATAGCGGA,F942,TGCCGGTAT,,
382,383,__Plate_H_G12,H,G12,R996,GATAGCGGA,F943,TAAGTTACG,,
383,384,__Plate_H_H12,H,H12,R996,GATAGCGGA,F944,AGCTAGACC,,
384,385,__Plate_I_A01,I,A01,R902,TCCTCAGCC,F910,GGACTAAGA,,
385,386,__Plate_I_B01,I,B01,R902,TCCTCAGCC,F913,CGTAGATTT,,
386,387,__Plate_I_C01,I,C01,R902,TCCTCAGCC,F914,GCTCAGCTT,,
387,388,__Plate_I_D01,I,D01,R902,TCCTCAGCC,F915,GGTATCCTT,,
388,389,__Plate_I_E01,I,E01,R902,TCCTCAGCC,F923,GGTTAAGGC,,
389,390,__Plate_I_F01,I,F01,R902,TCCTCAGCC,F928,AGATTGAGT,,
390,391,__Plate_I_G01,I,G01,R902,TCCTCAGCC,F930,GCGATAGCA,,
391,392,__Plate_I_H01,I,H01,R902,TCCTCAGCC,F933,CCAAGTCGT,,
392,393,__Plate_I_A02,I,A02,R908,AAGACTCTT,F910,GGACTAAGA,,
393,394,__Plate_I_B02,I,B02,R908,AAGACTCTT,F913,CGTAGATTT,,
394,395,__Plate_I_C02,I,C02,R908,AAGACTCTT,F914,GCTCAGCTT,,
395,396,__Plate_I_D02,I,D02,R908,AAGACTCTT,F915,GGTATCCTT,,
396,397,__Plate_I_E02,I,E02,R908,AAGACTCTT,F923,GGTTAAGGC,,
397,398,__Plate_I_F02,I,F02,R908,AAGACTCTT,F928,AGATTGAGT,,
398,399,__Plate_I_G02,I,G02,R908,AAGACTCTT,F930,GCGATAGCA,,
399,400,__Plate_I_H02,I,H02,R908,AAGACTCTT,F933,CCAAGTCGT,,
400,401,__Plate_I_A03,I,A03,R911,GGGTTGTTA,F910,GGACTAAGA,,
401,402,__Plate_I_B03,I,B03,R911,GGGTTGTTA,F913,CGTAGATTT,,
402,403,__Plate_I_C03,I,C03,R911,GGGTTGTTA,F914,GCTCAGCTT,,
403,404,__Plate_I_D03,I,D03,R911,GGGTTGTTA,F915,GGTATCCTT,,
404,405,__Plate_I_E03,I,E03,R911,GGGTTGTTA,F923,GGTTAAGGC,,
405,406,__Plate_I_F03,I,F03,R911,GGGTTGTTA,F928,AGATTGAGT,,
406,407,__Plate_I_G03,I,G03,R911,GGGTTGTTA,F930,GCGATAGCA,,
407,408,__Plate_I_H03,I,H03,R911,GGGTTGTTA,F933,CCAAGTCGT,,
408,409,__Plate_I_A04,I,A04,R912,GAACTGTAT,F910,GGACTAAGA,,
409,410,__Plate_I_B04,I,B04,R912,GAACTGTAT,F913,CGTAGATTT,,
410,411,__Plate_I_C04,I,C04,R912,GAACTGTAT,F914,GCTCAGCTT,,
411,412,__Plate_I_D04,I,D04,R912,GAACTGTAT,F915,GGTATCCTT,,
412,413,__Plate_I_E04,I,E04,R912,GAACTGTAT,F923,GGTTAAGGC,,
413,414,__Plate_I_F04,I,F04,R912,GAACTGTAT,F928,AGATTGAGT,,
414,415,__Plate_I_G04,I,G04,R912,GAACTGTAT,F930,GCGATAGCA,,
415,416,__Plate_I_H04,I,H04,R912,GAACTGTAT,F933,CCAAGTCGT,,
416,417,__Plate_I_A05,I,A05,R913,GTTTATACT,F910,GGACTAAGA,,
417,418,__Plate_I_B05,I,B05,R913,GTTTATACT,F913,CGTAGATTT,,
418,419,__Plate_I_C05,I,C05,R913,GTTTATACT,F914,GCTCAGCTT,,
419,420,__Plate_I_D05,I,D05,R913,GTTTATACT,F915,GGTATCCTT,,
420,421,__Plate_I_E05,I,E05,R913,GTTTATACT,F923,GGTTAAGGC,,
421,422,__Plate_I_F05,I,F05,R913,GTTTATACT,F928,AGATTGAGT,,
422,423,__Plate_I_G05,I,G05,R913,GTTTATACT,F930,GCGATAGCA,,
423,424,__Plate_I_H05,I,H05,R913,GTTTATACT,F933,CCAAGTCGT,,
424,425,__Plate_I_A06,I,A06,R919,ACTCATGTA,F910,GGACTAAGA,,
425,426,__Plate_I_B06,I,B06,R919,ACTCATGTA,F913,CGTAGATTT,,
426,427,__Plate_I_C06,I,C06,R919,ACTCATGTA,F914,GCTCAGCTT,,
427,428,__Plate_I_D06,I,D06,R919,ACTCATGTA,F915,GGTATCCTT,,
428,429,__Plate_I_E06,I,E06,R919,ACTCATGTA,F923,GGTTAAGGC,,
429,430,__Plate_I_F06,I,F06,R919,ACTCATGTA,F928,AGATTGAGT,,
430,431,__Plate_I_G06,I,G06,R919,ACTCATGTA,F930,GCGATAGCA,,
431,432,__Plate_I_H06,I,H06,R919,ACTCATGTA,F933,CCAAGTCGT,,
432,433,__Plate_I_A07,I,A07,R920,ATTCGCTCT,F910,GGACTAAGA,,
433,434,__Plate_I_B07,I,B07,R920,ATTCGCTCT,F913,CGTAGATTT,,
434,435,__Plate_I_C07,I,C07,R920,ATTCGCTCT,F914,GCTCAGCTT,,
435,436,__Plate_I_D07,I,D07,R920,ATTCGCTCT,F915,GGTATCCTT,,
436,437,__Plate_I_E07,I,E07,R920,ATTCGCTCT,F923,GGTTAAGGC,,
437,438,__Plate_I_F07,I,F07,R920,ATTCGCTCT,F928,AGATTGAGT,,
438,439,__Plate_I_G07,I,G07,R920,ATTCGCTCT,F930,GCGATAGCA,,
439,440,__Plate_I_H07,I,H07,R920,ATTCGCTCT,F933,CCAAGTCGT,,
440,441,__Plate_I_A08,I,A08,R921,TCAGTACAT,F910,GGACTAAGA,,
441,442,__Plate_I_B08,I,B08,R921,TCAGTACAT,F913,CGTAGATTT,,
442,443,__Plate_I_C08,I,C08,R921,TCAGTACAT,F914,GCTCAGCTT,,
443,444,__Plate_I_D08,I,D08,R921,TCAGTACAT,F915,GGTATCCTT,,
444,445,__Plate_I_E08,I,E08,R921,TCAGTACAT,F923,GGTTAAGGC,,
445,446,__Plate_I_F08,I,F08,R921,TCAGTACAT,F928,AGATTGAGT,,
446,447,__Plate_I_G08,I,G08,R921,TCAGTACAT,F930,GCGATAGCA,,
447,448,__Plate_I_H08,I,H08,R921,TCAGTACAT,F933,CCAAGTCGT,,
448,449,__Plate_I_A09,I,A09,R922,TAAGGTAGC,F910,GGACTAAGA,,
449,450,__Plate_I_B09,I,B09,R922,TAAGGTAGC,F913,CGTAGATTT,,
450,451,__Plate_I_C09,I,C09,R922,TAAGGTAGC,F914,GCTCAGCTT,,
451,452,__Plate_I_D09,I,D09,R922,TAAGGTAGC,F915,GGTATCCTT,,
452,453,__Plate_I_E09,I,E09,R922,TAAGGTAGC,F923,GGTTAAGGC,,
453,454,__Plate_I_F09,I,F09,R922,TAAGGTAGC,F928,AGATTGAGT,,
454,455,__Plate_I_G09,I,G09,R922,TAAGGTAGC,F930,GCGATAGCA,,
455,456,__Plate_I_H09,I,H09,R922,TAAGGTAGC,F933,CCAAGTCGT,,
456,457,__Plate_I_A10,I,A10,R923,TGCATGACA,F910,GGACTAAGA,,
457,458,__Plate_I_B10,I,B10,R923,TGCATGACA,F913,CGTAGATTT,,
458,459,__Plate_I_C10,I,C10,R923,TGCATGACA,F914,GCTCAGCTT,,
459,460,__Plate_I_D10,I,D10,R923,TGCATGACA,F915,GGTATCCTT,,
460,461,__Plate_I_E10,I,E10,R923,TGCATGACA,F923,GGTTAAGGC,,
461,462,__Plate_I_F10,I,F10,R923,TGCATGACA,F928,AGATTGAGT,,
462,463,__Plate_I_G10,I,G10,R923,TGCATGACA,F930,GCGATAGCA,,
463,464,__Plate_I_H10,I,H10,R923,TGCATGACA,F933,CCAAGTCGT,,
464,465,__Plate_I_A11,I,A11,R924,GACTTCATT,F910,GGACTAAGA,,
465,466,__Plate_I_B11,I,B11,R924,GACTTCATT,F913,CGTAGATTT,,
466,467,__Plate_I_C11,I,C11,R924,GACTTCATT,F914,GCTCAGCTT,,
467,468,__Plate_I_D11,I,D11,R924,GACTTCATT,F915,GGTATCCTT,,
468,469,__Plate_I_E11,I,E11,R924,GACTTCATT,F923,GGTTAAGGC,,
469,470,__Plate_I_F11,I,F11,R924,GACTTCATT,F928,AGATTGAGT,,
470,471,__Plate_I_G11,I,G11,R924,GACTTCATT,F930,GCGATAGCA,,
471,472,__Plate_I_H11,I,H11,R924,GACTTCATT,F933,CCAAGTCGT,,
472,473,__Plate_I_A12,I,A12,R935,TAGCTCTTC,F910,GGACTAAGA,,
473,474,__Plate_I_B12,I,B12,R935,TAGCTCTTC,F913,CGTAGATTT,,
474,475,__Plate_I_C12,I,C12,R935,TAGCTCTTC,F914,GCTCAGCTT,,
475,476,__Plate_I_D12,I,D12,R935,TAGCTCTTC,F915,GGTATCCTT,,
476,477,__Plate_I_E12,I,E12,R935,TAGCTCTTC,F923,GGTTAAGGC,,
477,478,__Plate_I_F12,I,F12,R935,TAGCTCTTC,F928,AGATTGAGT,,
478,479,__Plate_I_G12,I,G12,R935,TAGCTCTTC,F930,GCGATAGCA,,
479,480,__Plate_I_H12,I,H12,R935,TAGCTCTTC,F933,CCAAGTCGT,,
480,481,__Plate_J_A01,J,A01,R936,TGGAACGCT,F910,GGACTAAGA,,
481,482,__Plate_J_B01,J,B01,R936,TGGAACGCT,F913,CGTAGATTT,,
482,483,__Plate_J_C01,J,C01,R936,TGGAACGCT,F914,GCTCAGCTT,,
483,484,__Plate_J_D01,J,D01,R936,TGGAACGCT,F915,GGTATCCTT,,
484,485,__Plate_J_E01,J,E01,R936,TGGAACGCT,F923,GGTTAAGGC,,
485,486,__Plate_J_F01,J,F01,R936,TGGAACGCT,F928,AGATTGAGT,,
486,487,__Plate_J_G01,J,G01,R936,TGGAACGCT,F930,GCGATAGCA,,
487,488,__Plate_J_H01,J,H01,R936,TGGAACGCT,F933,CCAAGTCGT,,
488,489,__Plate_J_A02,J,A02,R937,ATCGCGACT,F910,GGACTAAGA,,
489,490,__Plate_J_B02,J,B02,R937,ATCGCGACT,F913,CGTAGATTT,,
490,491,__Plate_J_C02,J,C02,R937,ATCGCGACT,F914,GCTCAGCTT,,
491,492,__Plate_J_D02,J,D02,R937,ATCGCGACT,F915,GGTATCCTT,,
492,493,__Plate_J_E02,J,E02,R937,ATCGCGACT,F923,GGTTAAGGC,,
493,494,__Plate_J_F02,J,F02,R937,ATCGCGACT,F928,AGATTGAGT,,
494,495,__Plate_J_G02,J,G02,R937,ATCGCGACT,F930,GCGATAGCA,,
495,496,__Plate_J_H02,J,H02,R937,ATCGCGACT,F933,CCAAGTCGT,,
496,497,__Plate_J_A03,J,A03,R938,ATTCGAATC,F910,GGACTAAGA,,
497,498,__Plate_J_B03,J,B03,R938,ATTCGAATC,F913,CGTAGATTT,,
498,499,__Plate_J_C03,J,C03,R938,ATTCGAATC,F914,GCTCAGCTT,,
499,500,__Plate_J_D03,J,D03,R938,ATTCGAATC,F915,GGTATCCTT,,
500,501,__Plate_J_E03,J,E03,R938,ATTCGAATC,F923,GGTTAAGGC,,
501,502,__Plate_J_F03,J,F03,R938,ATTCGAATC,F928,AGATTGAGT,,
502,503,__Plate_J_G03,J,G03,R938,ATTCGAATC,F930,GCGATAGCA,,
503,504,__Plate_J_H03,J,H03,R938,ATTCGAATC,F933,CCAAGTCGT,,
504,505,__Plate_J_A04,J,A04,R943,TGCTTATTC,F910,GGACTAAGA,,
505,506,__Plate_J_B04,J,B04,R943,TGCTTATTC,F913,CGTAGATTT,,
506,507,__Plate_J_C04,J,C04,R943,TGCTTATTC,F914,GCTCAGCTT,,
507,508,__Plate_J_D04,J,D04,R943,TGCTTATTC,F915,GGTATCCTT,,
508,509,__Plate_J_E04,J,E04,R943,TGCTTATTC,F923,GGTTAAGGC,,
509,510,__Plate_J_F04,J,F04,R943,TGCTTATTC,F928,AGATTGAGT,,
510,511,__Plate_J_G04,J,G04,R943,TGCTTATTC,F930,GCGATAGCA,,
511,512,__Plate_J_H04,J,H04,R943,TGCTTATTC,F933,CCAAGTCGT,,
512,513,__Plate_J_A05,J,A05,R945,TCAGCTAAT,F910,GGACTAAGA,,
513,514,__Plate_J_B05,J,B05,R945,TCAGCTAAT,F913,CGTAGATTT,,
514,515,__Plate_J_C05,J,C05,R945,TCAGCTAAT,F914,GCTCAGCTT,,
515,516,__Plate_J_D05,J,D05,R945,TCAGCTAAT,F915,GGTATCCTT,,
516,517,__Plate_J_E05,J,E05,R945,TCAGCTAAT,F923,GGTTAAGGC,,
517,518,__Plate_J_F05,J,F05,R945,TCAGCTAAT,F928,AGATTGAGT,,
518,519,__Plate_J_G05,J,G05,R945,TCAGCTAAT,F930,GCGATAGCA,,
519,520,__Plate_J_H05,J,H05,R945,TCAGCTAAT,F933,CCAAGTCGT,,
520,521,__Plate_J_A06,J,A06,R946,TGATTAAGC,F910,GGACTAAGA,,
521,522,__Plate_J_B06,J,B06,R946,TGATTAAGC,F913,CGTAGATTT,,
522,523,__Plate_J_C06,J,C06,R946,TGATTAAGC,F914,GCTCAGCTT,,
523,524,__Plate_J_D06,J,D06,R946,TGATTAAGC,F915,GGTATCCTT,,
524,525,__Plate_J_E06,J,E06,R946,TGATTAAGC,F923,GGTTAAGGC,,
525,526,__Plate_J_F06,J,F06,R946,TGATTAAGC,F928,AGATTGAGT,,
526,527,__Plate_J_G06,J,G06,R946,TGATTAAGC,F930,GCGATAGCA,,
527,528,__Plate_J_H06,J,H06,R946,TGATTAAGC,F933,CCAAGTCGT,,
528,529,__Plate_J_A07,J,A07,R951,ATTGGTTGC,F910,GGACTAAGA,,
529,530,__Plate_J_B07,J,B07,R951,ATTGGTTGC,F913,CGTAGATTT,,
530,531,__Plate_J_C07,J,C07,R951,ATTGGTTGC,F914,GCTCAGCTT,,
531,532,__Plate_J_D07,J,D07,R951,ATTGGTTGC,F915,GGTATCCTT,,
532,533,__Plate_J_E07,J,E07,R951,ATTGGTTGC,F923,GGTTAAGGC,,
533,534,__Plate_J_F07,J,F07,R951,ATTGGTTGC,F928,AGATTGAGT,,
534,535,__Plate_J_G07,J,G07,R951,ATTGGTTGC,F930,GCGATAGCA,,
535,536,__Plate_J_H07,J,H07,R951,ATTGGTTGC,F933,CCAAGTCGT,,
536,537,__Plate_J_A08,J,A08,R959,GCTATCGAT,F910,GGACTAAGA,,
537,538,__Plate_J_B08,J,B08,R959,GCTATCGAT,F913,CGTAGATTT,,
538,539,__Plate_J_C08,J,C08,R959,GCTATCGAT,F914,GCTCAGCTT,,
539,540,__Plate_J_D08,J,D08,R959,GCTATCGAT,F915,GGTATCCTT,,
540,541,__Plate_J_E08,J,E08,R959,GCTATCGAT,F923,GGTTAAGGC,,
541,542,__Plate_J_F08,J,F08,R959,GCTATCGAT,F928,AGATTGAGT,,
542,543,__Plate_J_G08,J,G08,R959,GCTATCGAT,F930,GCGATAGCA,,
543,544,__Plate_J_H08,J,H08,R959,GCTATCGAT,F933,CCAAGTCGT,,
544,545,__Plate_J_A09,J,A09,R983,TAGCGACAA,F910,GGACTAAGA,,
545,546,__Plate_J_B09,J,B09,R983,TAGCGACAA,F913,CGTAGATTT,,
546,547,__Plate_J_C09,J,C09,R983,TAGCGACAA,F914,GCTCAGCTT,,
547,548,__Plate_J_D09,J,D09,R983,TAGCGACAA,F915,GGTATCCTT,,
548,549,__Plate_J_E09,J,E09,R983,TAGCGACAA,F923,GGTTAAGGC,,
549,550,__Plate_J_F09,J,F09,R983,TAGCGACAA,F928,AGATTGAGT,,
550,551,__Plate_J_G09,J,G09,R983,TAGCGACAA,F930,GCGATAGCA,,
551,552,__Plate_J_H09,J,H09,R983,TAGCGACAA,F933,CCAAGTCGT,,
552,553,__Plate_J_A10,J,A10,R986,ACCTGAGGC,F910,GGACTAAGA,,
553,554,__Plate_J_B10,J,B10,R986,ACCTGAGGC,F913,CGTAGATTT,,
554,555,__Plate_J_C10,J,C10,R986,ACCTGAGGC,F914,GCTCAGCTT,,
555,556,__Plate_J_D10,J,D10,R986,ACCTGAGGC,F915,GGTATCCTT,,
556,557,__Plate_J_E10,J,E10,R986,ACCTGAGGC,F923,GGTTAAGGC,,
557,558,__Plate_J_F10,J,F10,R986,ACCTGAGGC,F928,AGATTGAGT,,
558,559,__Plate_J_G10,J,G10,R986,ACCTGAGGC,F930,GCGATAGCA,,
559,560,__Plate_J_H10,J,H10,R986,ACCTGAGGC,F933,CCAAGTCGT,,
560,561,__Plate_J_A11,J,A11,R990,AGCCGATTA,F910,GGACTAAGA,,
561,562,__Plate_J_B11,J,B11,R990,AGCCGATTA,F913,CGTAGATTT,,
562,563,__Plate_J_C11,J,C11,R990,AGCCGATTA,F914,GCTCAGCTT,,
563,564,__Plate_J_D11,J,D11,R990,AGCCGATTA,F915,GGTATCCTT,,
564,565,__Plate_J_E11,J,E11,R990,AGCCGATTA,F923,GGTTAAGGC,,
565,566,__Plate_J_F11,J,F11,R990,AGCCGATTA,F928,AGATTGAGT,,
566,567,__Plate_J_G11,J,G11,R990,AGCCGATTA,F930,GCGATAGCA,,
567,568,__Plate_J_H11,J,H11,R990,AGCCGATTA,F933,CCAAGTCGT,,
568,569,__Plate_J_A12,J,A12,R996,GATAGCGGA,F910,GGACTAAGA,,
569,570,__Plate_J_B12,J,B12,R996,GATAGCGGA,F913,CGTAGATTT,,
570,571,__Plate_J_C12,J,C12,R996,GATAGCGGA,F914,GCTCAGCTT,,
571,572,__Plate_J_D12,J,D12,R996,GATAGCGGA,F915,GGTATCCTT,,
572,573,__Plate_J_E12,J,E12,R996,GATAGCGGA,F923,GGTTAAGGC,,
573,574,__Plate_J_F12,J,F12,R996,GATAGCGGA,F928,AGATTGAGT,,
574,575,__Plate_J_G12,J,G12,R996,GATAGCGGA,F930,GCGATAGCA,,
575,576,__Plate_J_H12,J,H12,R996,GATAGCGGA,F933,CCAAGTCGT,,
576,577,__Plate_K_A01,K,A01,R902,TCCTCAGCC,F946,TAGCGTCAA,,
577,578,__Plate_K_B01,K,B01,R902,TCCTCAGCC,F947,TGTGAGCAT,,
578,579,__Plate_K_C01,K,C01,R902,TCCTCAGCC,F949,TTAGGACTT,,
579,580,__Plate_K_D01,K,D01,R902,TCCTCAGCC,F951,ATACAGTTC,,
580,581,__Plate_K_E01,K,E01,R902,TCCTCAGCC,F953,TTGGATTCA,,
581,582,__Plate_K_F01,K,F01,R902,TCCTCAGCC,F954,CCGATGTTC,,
582,583,__Plate_K_G01,K,G01,R902,TCCTCAGCC,F962,TCTGTCATT,,
583,584,__Plate_K_H01,K,H01,R902,TCCTCAGCC,F964,CGCTACAAC,,
584,585,__Plate_K_A02,K,A02,R908,AAGACTCTT,F946,TAGCGTCAA,,
585,586,__Plate_K_B02,K,B02,R908,AAGACTCTT,F947,TGTGAGCAT,,
586,587,__Plate_K_C02,K,C02,R908,AAGACTCTT,F949,TTAGGACTT,,
587,588,__Plate_K_D02,K,D02,R908,AAGACTCTT,F951,ATACAGTTC,,
588,589,__Plate_K_E02,K,E02,R908,AAGACTCTT,F953,TTGGATTCA,,
589,590,__Plate_K_F02,K,F02,R908,AAGACTCTT,F954,CCGATGTTC,,
590,591,__Plate_K_G02,K,G02,R908,AAGACTCTT,F962,TCTGTCATT,,
591,592,__Plate_K_H02,K,H02,R908,AAGACTCTT,F964,CGCTACAAC,,
592,593,__Plate_K_A03,K,A03,R911,GGGTTGTTA,F946,TAGCGTCAA,,
593,594,__Plate_K_B03,K,B03,R911,GGGTTGTTA,F947,TGTGAGCAT,,
594,595,__Plate_K_C03,K,C03,R911,GGGTTGTTA,F949,TTAGGACTT,,
595,596,__Plate_K_D03,K,D03,R911,GGGTTGTTA,F951,ATACAGTTC,,
596,597,__Plate_K_E03,K,E03,R911,GGGTTGTTA,F953,TTGGATTCA,,
597,598,__Plate_K_F03,K,F03,R911,GGGTTGTTA,F954,CCGATGTTC,,
598,599,__Plate_K_G03,K,G03,R911,GGGTTGTTA,F962,TCTGTCATT,,
599,600,__Plate_K_H03,K,H03,R911,GGGTTGTTA,F964,CGCTACAAC,,
600,601,__Plate_K_A04,K,A04,R912,GAACTGTAT,F946,TAGCGTCAA,,
601,602,__Plate_K_B04,K,B04,R912,GAACTGTAT,F947,TGTGAGCAT,,
602,603,__Plate_K_C04,K,C04,R912,GAACTGTAT,F949,TTAGGACTT,,
603,604,__Plate_K_D04,K,D04,R912,GAACTGTAT,F951,ATACAGTTC,,
604,605,__Plate_K_E04,K,E04,R912,GAACTGTAT,F953,TTGGATTCA,,
605,606,__Plate_K_F04,K,F04,R912,GAACTGTAT,F954,CCGATGTTC,,
606,607,__Plate_K_G04,K,G04,R912,GAACTGTAT,F962,TCTGTCATT,,
607,608,__Plate_K_H04,K,H04,R912,GAACTGTAT,F964,CGCTACAAC,,
608,609,__Plate_K_A05,K,A05,R913,GTTTATACT,F946,TAGCGTCAA,,
609,610,__Plate_K_B05,K,B05,R913,GTTTATACT,F947,TGTGAGCAT,,
610,611,__Plate_K_C05,K,C05,R913,GTTTATACT,F949,TTAGGACTT,,
611,612,__Plate_K_D05,K,D05,R913,GTTTATACT,F951,ATACAGTTC,,
612,613,__Plate_K_E05,K,E05,R913,GTTTATACT,F953,TTGGATTCA,,
613,614,__Plate_K_F05,K,F05,R913,GTTTATACT,F954,CCGATGTTC,,
614,615,__Plate_K_G05,K,G05,R913,GTTTATACT,F962,TCTGTCATT,,
615,616,__Plate_K_H05,K,H05,R913,GTTTATACT,F964,CGCTACAAC,,
616,617,__Plate_K_A06,K,A06,R919,ACTCATGTA,F946,TAGCGTCAA,,
617,618,__Plate_K_B06,K,B06,R919,ACTCATGTA,F947,TGTGAGCAT,,
618,619,__Plate_K_C06,K,C06,R919,ACTCATGTA,F949,TTAGGACTT,,
619,620,__Plate_K_D06,K,D06,R919,ACTCATGTA,F951,ATACAGTTC,,
620,621,__Plate_K_E06,K,E06,R919,ACTCATGTA,F953,TTGGATTCA,,
621,622,__Plate_K_F06,K,F06,R919,ACTCATGTA,F954,CCGATGTTC,,
622,623,__Plate_K_G06,K,G06,R919,ACTCATGTA,F962,TCTGTCATT,,
623,624,__Plate_K_H06,K,H06,R919,ACTCATGTA,F964,CGCTACAAC,,
624,625,__Plate_K_A07,K,A07,R920,ATTCGCTCT,F946,TAGCGTCAA,,
625,626,__Plate_K_B07,K,B07,R920,ATTCGCTCT,F947,TGTGAGCAT,,
626,627,__Plate_K_C07,K,C07,R920,ATTCGCTCT,F949,TTAGGACTT,,
627,628,__Plate_K_D07,K,D07,R920,ATTCGCTCT,F951,ATACAGTTC,,
628,629,__Plate_K_E07,K,E07,R920,ATTCGCTCT,F953,TTGGATTCA,,
629,630,__Plate_K_F07,K,F07,R920,ATTCGCTCT,F954,CCGATGTTC,,
630,631,__Plate_K_G07,K,G07,R920,ATTCGCTCT,F962,TCTGTCATT,,
631,632,__Plate_K_H07,K,H07,R920,ATTCGCTCT,F964,CGCTACAAC,,
632,633,__Plate_K_A08,K,A08,R921,TCAGTACAT,F946,TAGCGTCAA,,
633,634,__Plate_K_B08,K,B08,R921,TCAGTACAT,F947,TGTGAGCAT,,
634,635,__Plate_K_C08,K,C08,R921,TCAGTACAT,F949,TTAGGACTT,,
635,636,__Plate_K_D08,K,D08,R921,TCAGTACAT,F951,ATACAGTTC,,
636,637,__Plate_K_E08,K,E08,R921,TCAGTACAT,F953,TTGGATTCA,,
637,638,__Plate_K_F08,K,F08,R921,TCAGTACAT,F954,CCGATGTTC,,
638,639,__Plate_K_G08,K,G08,R921,TCAGTACAT,F962,TCTGTCATT,,
639,640,__Plate_K_H08,K,H08,R921,TCAGTACAT,F964,CGCTACAAC,,
640,641,__Plate_K_A09,K,A09,R922,TAAGGTAGC,F946,TAGCGTCAA,,
641,642,__Plate_K_B09,K,B09,R922,TAAGGTAGC,F947,TGTGAGCAT,,
642,643,__Plate_K_C09,K,C09,R922,TAAGGTAGC,F949,TTAGGACTT,,
643,644,__Plate_K_D09,K,D09,R922,TAAGGTAGC,F951,ATACAGTTC,,
644,645,__Plate_K_E09,K,E09,R922,TAAGGTAGC,F953,TTGGATTCA,,
645,646,__Plate_K_F09,K,F09,R922,TAAGGTAGC,F954,CCGATGTTC,,
646,647,__Plate_K_G09,K,G09,R922,TAAGGTAGC,F962,TCTGTCATT,,
647,648,__Plate_K_H09,K,H09,R922,TAAGGTAGC,F964,CGCTACAAC,,
648,649,__Plate_K_A10,K,A10,R923,TGCATGACA,F946,TAGCGTCAA,,
649,650,__Plate_K_B10,K,B10,R923,TGCATGACA,F947,TGTGAGCAT,,
650,651,__Plate_K_C10,K,C10,R923,TGCATGACA,F949,TTAGGACTT,,
651,652,__Plate_K_D10,K,D10,R923,TGCATGACA,F951,ATACAGTTC,,
652,653,__Plate_K_E10,K,E10,R923,TGCATGACA,F953,TTGGATTCA,,
653,654,__Plate_K_F10,K,F10,R923,TGCATGACA,F954,CCGATGTTC,,
654,655,__Plate_K_G10,K,G10,R923,TGCATGACA,F962,TCTGTCATT,,
655,656,__Plate_K_H10,K,H10,R923,TGCATGACA,F964,CGCTACAAC,,
656,657,__Plate_K_A11,K,A11,R924,GACTTCATT,F946,TAGCGTCAA,,
657,658,__Plate_K_B11,K,B11,R924,GACTTCATT,F947,TGTGAGCAT,,
658,659,__Plate_K_C11,K,C11,R924,GACTTCATT,F949,TTAGGACTT,,
659,660,__Plate_K_D11,K,D11,R924,GACTTCATT,F951,ATACAGTTC,,
660,661,__Plate_K_E11,K,E11,R924,GACTTCATT,F953,TTGGATTCA,,
661,662,__Plate_K_F11,K,F11,R924,GACTTCATT,F954,CCGATGTTC,,
662,663,__Plate_K_G11,K,G11,R924,GACTTCATT,F962,TCTGTCATT,,
663,664,__Plate_K_H11,K,H11,R924,GACTTCATT,F964,CGCTACAAC,,
664,665,__Plate_K_A12,K,A12,R935,TAGCTCTTC,F946,TAGCGTCAA,,
665,666,__Plate_K_B12,K,B12,R935,TAGCTCTTC,F947,TGTGAGCAT,,
666,667,__Plate_K_C12,K,C12,R935,TAGCTCTTC,F949,TTAGGACTT,,
667,668,__Plate_K_D12,K,D12,R935,TAGCTCTTC,F951,ATACAGTTC,,
668,669,__Plate_K_E12,K,E12,R935,TAGCTCTTC,F953,TTGGATTCA,,
669,670,__Plate_K_F12,K,F12,R935,TAGCTCTTC,F954,CCGATGTTC,,
670,671,__Plate_K_G12,K,G12,R935,TAGCTCTTC,F962,TCTGTCATT,,
671,672,__Plate_K_H12,K,H12,R935,TAGCTCTTC,F964,CGCTACAAC,,
672,673,__Plate_L_A01,L,A01,R936,TGGAACGCT,F946,TAGCGTCAA,,
673,674,__Plate_L_B01,L,B01,R936,TGGAACGCT,F947,TGTGAGCAT,,
674,675,__Plate_L_C01,L,C01,R936,TGGAACGCT,F949,TTAGGACTT,,
675,676,__Plate_L_D01,L,D01,R936,TGGAACGCT,F951,ATACAGTTC,,
676,677,__Plate_L_E01,L,E01,R936,TGGAACGCT,F953,TTGGATTCA,,
677,678,__Plate_L_F01,L,F01,R936,TGGAACGCT,F954,CCGATGTTC,,
678,679,__Plate_L_G01,L,G01,R936,TGGAACGCT,F962,TCTGTCATT,,
679,680,__Plate_L_H01,L,H01,R936,TGGAACGCT,F964,CGCTACAAC,,
680,681,__Plate_L_A02,L,A02,R937,ATCGCGACT,F946,TAGCGTCAA,,
681,682,__Plate_L_B02,L,B02,R937,ATCGCGACT,F947,TGTGAGCAT,,
682,683,__Plate_L_C02,L,C02,R937,ATCGCGACT,F949,TTAGGACTT,,
683,684,__Plate_L_D02,L,D02,R937,ATCGCGACT,F951,ATACAGTTC,,
684,685,__Plate_L_E02,L,E02,R937,ATCGCGACT,F953,TTGGATTCA,,
685,686,__Plate_L_F02,L,F02,R937,ATCGCGACT,F954,CCGATGTTC,,
686,687,__Plate_L_G02,L,G02,R937,ATCGCGACT,F962,TCTGTCATT,,
687,688,__Plate_L_H02,L,H02,R937,ATCGCGACT,F964,CGCTACAAC,,
688,689,__Plate_L_A03,L,A03,R938,ATTCGAATC,F946,TAGCGTCAA,,
689,690,__Plate_L_B03,L,B03,R938,ATTCGAATC,F947,TGTGAGCAT,,
690,691,__Plate_L_C03,L,C03,R938,ATTCGAATC,F949,TTAGGACTT,,
691,692,__Plate_L_D03,L,D03,R938,ATTCGAATC,F951,ATACAGTTC,,
692,693,__Plate_L_E03,L,E03,R938,ATTCGAATC,F953,TTGGATTCA,,
693,694,__Plate_L_F03,L,F03,R938,ATTCGAATC,F954,CCGATGTTC,,
694,695,__Plate_L_G03,L,G03,R938,ATTCGAATC,F962,TCTGTCATT,,
695,696,__Plate_L_H03,L,H03,R938,ATTCGAATC,F964,CGCTACAAC,,
696,697,__Plate_L_A04,L,A04,R943,TGCTTATTC,F946,TAGCGTCAA,,
697,698,__Plate_L_B04,L,B04,R943,TGCTTATTC,F947,TGTGAGCAT,,
698,699,__Plate_L_C04,L,C04,R943,TGCTTATTC,F949,TTAGGACTT,,
699,700,__Plate_L_D04,L,D04,R943,TGCTTATTC,F951,ATACAGTTC,,
700,701,__Plate_L_E04,L,E04,R943,TGCTTATTC,F953,TTGGATTCA,,
701,702,__Plate_L_F04,L,F04,R943,TGCTTATTC,F954,CCGATGTTC,,
702,703,__Plate_L_G04,L,G04,R943,TGCTTATTC,F962,TCTGTCATT,,
703,704,__Plate_L_H04,L,H04,R943,TGCTTATTC,F964,CGCTACAAC,,
704,705,__Plate_L_A05,L,A05,R945,TCAGCTAAT,F946,TAGCGTCAA,,
705,706,__Plate_L_B05,L,B05,R945,TCAGCTAAT,F947,TGTGAGCAT,,
706,707,__Plate_L_C05,L,C05,R945,TCAGCTAAT,F949,TTAGGACTT,,
707,708,__Plate_L_D05,L,D05,R945,TCAGCTAAT,F951,ATACAGTTC,,
708,709,__Plate_L_E05,L,E05,R945,TCAGCTAAT,F953,TTGGATTCA,,
709,710,__Plate_L_F05,L,F05,R945,TCAGCTAAT,F954,CCGATGTTC,,
710,711,__Plate_L_G05,L,G05,R945,TCAGCTAAT,F962,TCTGTCATT,,
711,712,__Plate_L_H05,L,H05,R945,TCAGCTAAT,F964,CGCTACAAC,,
712,713,__Plate_L_A06,L,A06,R946,TGATTAAGC,F946,TAGCGTCAA,,
713,714,__Plate_L_B06,L,B06,R946,TGATTAAGC,F947,TGTGAGCAT,,
714,715,__Plate_L_C06,L,C06,R946,TGATTAAGC,F949,TTAGGACTT,,
715,716,__Plate_L_D06,L,D06,R946,TGATTAAGC,F951,ATACAGTTC,,
716,717,__Plate_L_E06,L,E06,R946,TGATTAAGC,F953,TTGGATTCA,,
717,718,__Plate_L_F06,L,F06,R946,TGATTAAGC,F954,CCGATGTTC,,
718,719,__Plate_L_G06,L,G06,R946,TGATTAAGC,F962,TCTGTCATT,,
719,720,__Plate_L_H06,L,H06,R946,TGATTAAGC,F964,CGCTACAAC,,
720,721,__Plate_L_A07,L,A07,R951,ATTGGTTGC,F946,TAGCGTCAA,,
721,722,__Plate_L_B07,L,B07,R951,ATTGGTTGC,F947,TGTGAGCAT,,
722,723,__Plate_L_C07,L,C07,R951,ATTGGTTGC,F949,TTAGGACTT,,
723,724,__Plate_L_D07,L,D07,R951,ATTGGTTGC,F951,ATACAGTTC,,
724,725,__Plate_L_E07,L,E07,R951,ATTGGTTGC,F953,TTGGATTCA,,
725,726,__Plate_L_F07,L,F07,R951,ATTGGTTGC,F954,CCGATGTTC,,
726,727,__Plate_L_G07,L,G07,R951,ATTGGTTGC,F962,TCTGTCATT,,
727,728,__Plate_L_H07,L,H07,R951,ATTGGTTGC,F964,CGCTACAAC,,
728,729,__Plate_L_A08,L,A08,R959,GCTATCGAT,F946,TAGCGTCAA,,
729,730,__Plate_L_B08,L,B08,R959,GCTATCGAT,F947,TGTGAGCAT,,
730,731,__Plate_L_C08,L,C08,R959,GCTATCGAT,F949,TTAGGACTT,,
731,732,__Plate_L_D08,L,D08,R959,GCTATCGAT,F951,ATACAGTTC,,
732,733,__Plate_L_E08,L,E08,R959,GCTATCGAT,F953,TTGGATTCA,,
733,734,__Plate_L_F08,L,F08,R959,GCTATCGAT,F954,CCGATGTTC,,
734,735,__Plate_L_G08,L,G08,R959,GCTATCGAT,F962,TCTGTCATT,,
735,736,__Plate_L_H08,L,H08,R959,GCTATCGAT,F964,CGCTACAAC,,
736,737,__Plate_L_A09,L,A09,R983,TAGCGACAA,F946,TAGCGTCAA,,
737,738,__Plate_L_B09,L,B09,R983,TAGCGACAA,F947,TGTGAGCAT,,
738,739,__Plate_L_C09,L,C09,R983,TAGCGACAA,F949,TTAGGACTT,,
739,740,__Plate_L_D09,L,D09,R983,TAGCGACAA,F951,ATACAGTTC,,
740,741,__Plate_L_E09,L,E09,R983,TAGCGACAA,F953,TTGGATTCA,,
741,742,__Plate_L_F09,L,F09,R983,TAGCGACAA,F954,CCGATGTTC,,
742,743,__Plate_L_G09,L,G09,R983,TAGCGACAA,F962,TCTGTCATT,,
743,744,__Plate_L_H09,L,H09,R983,TAGCGACAA,F964,CGCTACAAC,,
744,745,__Plate_L_A10,L,A10,R986,ACCTGAGGC,F946,TAGCGTCAA,,
745,746,__Plate_L_B10,L,B10,R986,ACCTGAGGC,F947,TGTGAGCAT,,
746,747,__Plate_L_C10,L,C10,R986,ACCTGAGGC,F949,TTAGGACTT,,
747,748,__Plate_L_D10,L,D10,R986,ACCTGAGGC,F951,ATACAGTTC,,
748,749,__Plate_L_E10,L,E10,R986,ACCTGAGGC,F953,TTGGATTCA,,
749,750,__Plate_L_F10,L,F10,R986,ACCTGAGGC,F954,CCGATGTTC,,
750,751,__Plate_L_G10,L,G10,R986,ACCTGAGGC,F962,TCTGTCATT,,
751,752,__Plate_L_H10,L,H10,R986,ACCTGAGGC,F964,CGCTACAAC,,
752,753,__Plate_L_A11,L,A11,R990,AGCCGATTA,F946,TAGCGTCAA,,
753,754,__Plate_L_B11,L,B11,R990,AGCCGATTA,F947,TGTGAGCAT,,
754,755,__Plate_L_C11,L,C11,R990,AGCCGATTA,F949,TTAGGACTT,,
755,756,__Plate_L_D11,L,D11,R990,AGCCGATTA,F951,ATACAGTTC,,
756,757,__Plate_L_E11,L,E11,R990,AGCCGATTA,F953,TTGGATTCA,,
757,758,__Plate_L_F11,L,F11,R990,AGCCGATTA,F954,CCGATGTTC,,
758,759,__Plate_L_G11,L,G11,R990,AGCCGATTA,F962,TCTGTCATT,,
759,760,__Plate_L_H11,L,H11,R990,AGCCGATTA,F964,CGCTACAAC,,
760,761,__Plate_L_A12,L,A12,R996,GATAGCGGA,F946,TAGCGTCAA,,
761,762,__Plate_L_B12,L,B12,R996,GATAGCGGA,F947,TGTGAGCAT,,
762,763,__Plate_L_C12,L,C12,R996,GATAGCGGA,F949,TTAGGACTT,,
763,764,__Plate_L_D12,L,D12,R996,GATAGCGGA,F951,ATACAGTTC,,
764,765,__Plate_L_E12,L,E12,R996,GATAGCGGA,F953,TTGGATTCA,,
765,766,__Plate_L_F12,L,F12,R996,GATAGCGGA,F954,CCGATGTTC,,
766,767,__Plate_L_G12,L,G12,R996,GATAGCGGA,F962,TCTGTCATT,,
767,768,__Plate_L_H12,L,H12,R996,GATAGCGGA,F964,CGCTACAAC,,
