,Sample_Well,I5_Index_ID,I7_Index_ID,Sample_Plate,index,index2_reverse,index2
0,A01,F904,R902,E,TCCTCAGCC,GTGCATTAG,CTAATGCAC
1,B01,F906,R902,E,TCCTCAGCC,ACAACCATC,GATGGTTGT
2,C01,F908,R902,E,TCCTCAGCC,AAACACCTT,AAGGTGTTT
3,D01,F916,R902,E,TCCTCAGCC,TTCCGAATT,AATTCGGAA
4,E01,F927,R902,E,TCCTCAGCC,AGCAAGGTC,GACCTTGCT
5,F01,F934,R902,E,TCCTCAGCC,GCAGATGCA,TGCATCTGC
6,G01,F935,R902,E,TCCTCAGCC,TAACGCGTC,GACGCGTTA
7,H01,F936,R902,E,TCCTCAGCC,AAGTAGGCT,AGCCTACTT
8,A02,F904,R908,E,AAGACTCTT,GTGCATTAG,CTAATGCAC
9,B02,F906,R908,E,AAGACTCTT,ACAACCATC,GATGGTTGT
10,C02,F908,R908,E,AAGACTCTT,AAACACCTT,AAGGTGTTT
11,D02,F916,R908,E,AAGACTCTT,TTCCGAATT,AATTCGGAA
12,E02,F927,R908,E,AAGACTCTT,AGCAAGGTC,GACCTTGCT
13,F02,F934,R908,E,AAGACTCTT,GCAGATGCA,TGCATCTGC
14,G02,F935,R908,E,AAGACTCTT,TAACGCGTC,GACGCGTTA
15,H02,F936,R908,E,AAGACTCTT,AAGTAGGCT,AGCCTACTT
16,A03,F904,R911,E,GGGTTGTTA,GTGCATTAG,CTAATGCAC
17,B03,F906,R911,E,GGGTTGTTA,ACAACCATC,GATGGTTGT
18,C03,F908,R911,E,GGGTTGTTA,AAACACCTT,AAGGTGTTT
19,D03,F916,R911,E,GGGTTGTTA,TTCCGAATT,AATTCGGAA
20,E03,F927,R911,E,GGGTTGTTA,AGCAAGGTC,GACCTTGCT
21,F03,F934,R911,E,GGGTTGTTA,GCAGATGCA,TGCATCTGC
22,G03,F935,R911,E,GGGTTGTTA,TAACGCGTC,GACGCGTTA
23,H03,F936,R911,E,GGGTTGTTA,AAGTAGGCT,AGCCTACTT
24,A04,F904,R912,E,GAACTGTAT,GTGCATTAG,CTAATGCAC
25,B04,F906,R912,E,GAACTGTAT,ACAACCATC,GATGGTTGT
26,C04,F908,R912,E,GAACTGTAT,AAACACCTT,AAGGTGTTT
27,D04,F916,R912,E,GAACTGTAT,TTCCGAATT,AATTCGGAA
28,E04,F927,R912,E,GAACTGTAT,AGCAAGGTC,GACCTTGCT
29,F04,F934,R912,E,GAACTGTAT,GCAGATGCA,TGCATCTGC
30,G04,F935,R912,E,GAACTGTAT,TAACGCGTC,GACGCGTTA
31,H04,F936,R912,E,GAACTGTAT,AAGTAGGCT,AGCCTACTT
32,A05,F904,R913,E,GTTTATACT,GTGCATTAG,CTAATGCAC
33,B05,F906,R913,E,GTTTATACT,ACAACCATC,GATGGTTGT
34,C05,F908,R913,E,GTTTATACT,AAACACCTT,AAGGTGTTT
35,D05,F916,R913,E,GTTTATACT,TTCCGAATT,AATTCGGAA
36,E05,F927,R913,E,GTTTATACT,AGCAAGGTC,GACCTTGCT
37,F05,F934,R913,E,GTTTATACT,GCAGATGCA,TGCATCTGC
38,G05,F935,R913,E,GTTTATACT,TAACGCGTC,GACGCGTTA
39,H05,F936,R913,E,GTTTATACT,AAGTAGGCT,AGCCTACTT
40,A06,F904,R919,E,ACTCATGTA,GTGCATTAG,CTAATGCAC
41,B06,F906,R919,E,ACTCATGTA,ACAACCATC,GATGGTTGT
42,C06,F908,R919,E,ACTCATGTA,AAACACCTT,AAGGTGTTT
43,D06,F916,R919,E,ACTCATGTA,TTCCGAATT,AATTCGGAA
44,E06,F927,R919,E,ACTCATGTA,AGCAAGGTC,GACCTTGCT
45,F06,F934,R919,E,ACTCATGTA,GCAGATGCA,TGCATCTGC
46,G06,F935,R919,E,ACTCATGTA,TAACGCGTC,GACGCGTTA
47,H06,F936,R919,E,ACTCATGTA,AAGTAGGCT,AGCCTACTT
48,A07,F904,R920,E,ATTCGCTCT,GTGCATTAG,CTAATGCAC
49,B07,F906,R920,E,ATTCGCTCT,ACAACCATC,GATGGTTGT
50,C07,F908,R920,E,ATTCGCTCT,AAACACCTT,AAGGTGTTT
51,D07,F916,R920,E,ATTCGCTCT,TTCCGAATT,AATTCGGAA
52,E07,F927,R920,E,ATTCGCTCT,AGCAAGGTC,GACCTTGCT
53,F07,F934,R920,E,ATTCGCTCT,GCAGATGCA,TGCATCTGC
54,G07,F935,R920,E,ATTCGCTCT,TAACGCGTC,GACGCGTTA
55,H07,F936,R920,E,ATTCGCTCT,AAGTAGGCT,AGCCTACTT
56,A08,F904,R921,E,TCAGTACAT,GTGCATTAG,CTAATGCAC
57,B08,F906,R921,E,TCAGTACAT,ACAACCATC,GATGGTTGT
58,C08,F908,R921,E,TCAGTACAT,AAACACCTT,AAGGTGTTT
59,D08,F916,R921,E,TCAGTACAT,TTCCGAATT,AATTCGGAA
60,E08,F927,R921,E,TCAGTACAT,AGCAAGGTC,GACCTTGCT
61,F08,F934,R921,E,TCAGTACAT,GCAGATGCA,TGCATCTGC
62,G08,F935,R921,E,TCAGTACAT,TAACGCGTC,GACGCGTTA
63,H08,F936,R921,E,TCAGTACAT,AAGTAGGCT,AGCCTACTT
64,A09,F904,R922,E,TAAGGTAGC,GTGCATTAG,CTAATGCAC
65,B09,F906,R922,E,TAAGGTAGC,ACAACCATC,GATGGTTGT
66,C09,F908,R922,E,TAAGGTAGC,AAACACCTT,AAGGTGTTT
67,D09,F916,R922,E,TAAGGTAGC,TTCCGAATT,AATTCGGAA
68,E09,F927,R922,E,TAAGGTAGC,AGCAAGGTC,GACCTTGCT
69,F09,F934,R922,E,TAAGGTAGC,GCAGATGCA,TGCATCTGC
70,G09,F935,R922,E,TAAGGTAGC,TAACGCGTC,GACGCGTTA
71,H09,F936,R922,E,TAAGGTAGC,AAGTAGGCT,AGCCTACTT
72,A10,F904,R923,E,TGCATGACA,GTGCATTAG,CTAATGCAC
73,B10,F906,R923,E,TGCATGACA,ACAACCATC,GATGGTTGT
74,C10,F908,R923,E,TGCATGACA,AAACACCTT,AAGGTGTTT
75,D10,F916,R923,E,TGCATGACA,TTCCGAATT,AATTCGGAA
76,E10,F927,R923,E,TGCATGACA,AGCAAGGTC,GACCTTGCT
77,F10,F934,R923,E,TGCATGACA,GCAGATGCA,TGCATCTGC
78,G10,F935,R923,E,TGCATGACA,TAACGCGTC,GACGCGTTA
79,H10,F936,R923,E,TGCATGACA,AAGTAGGCT,AGCCTACTT
80,A11,F904,R924,E,GACTTCATT,GTGCATTAG,CTAATGCAC
81,B11,F906,R924,E,GACTTCATT,ACAACCATC,GATGGTTGT
82,C11,F908,R924,E,GACTTCATT,AAACACCTT,AAGGTGTTT
83,D11,F916,R924,E,GACTTCATT,TTCCGAATT,AATTCGGAA
84,E11,F927,R924,E,GACTTCATT,AGCAAGGTC,GACCTTGCT
85,F11,F934,R924,E,GACTTCATT,GCAGATGCA,TGCATCTGC
86,G11,F935,R924,E,GACTTCATT,TAACGCGTC,GACGCGTTA
87,H11,F936,R924,E,GACTTCATT,AAGTAGGCT,AGCCTACTT
88,A12,F904,R935,E,TAGCTCTTC,GTGCATTAG,CTAATGCAC
89,B12,F906,R935,E,TAGCTCTTC,ACAACCATC,GATGGTTGT
90,C12,F908,R935,E,TAGCTCTTC,AAACACCTT,AAGGTGTTT
91,D12,F916,R935,E,TAGCTCTTC,TTCCGAATT,AATTCGGAA
92,E12,F927,R935,E,TAGCTCTTC,AGCAAGGTC,GACCTTGCT
93,F12,F934,R935,E,TAGCTCTTC,GCAGATGCA,TGCATCTGC
94,G12,F935,R935,E,TAGCTCTTC,TAACGCGTC,GACGCGTTA
95,H12,F936,R935,E,TAGCTCTTC,AAGTAGGCT,AGCCTACTT
96,A01,F904,R936,F,TGGAACGCT,GTGCATTAG,CTAATGCAC
97,B01,F906,R936,F,TGGAACGCT,ACAACCATC,GATGGTTGT
98,C01,F908,R936,F,TGGAACGCT,AAACACCTT,AAGGTGTTT
99,D01,F916,R936,F,TGGAACGCT,TTCCGAATT,AATTCGGAA
100,E01,F927,R936,F,TGGAACGCT,AGCAAGGTC,GACCTTGCT
101,F01,F934,R936,F,TGGAACGCT,GCAGATGCA,TGCATCTGC
102,G01,F935,R936,F,TGGAACGCT,TAACGCGTC,GACGCGTTA
103,H01,F936,R936,F,TGGAACGCT,AAGTAGGCT,AGCCTACTT
104,A02,F904,R937,F,ATCGCGACT,GTGCATTAG,CTAATGCAC
105,B02,F906,R937,F,ATCGCGACT,ACAACCATC,GATGGTTGT
106,C02,F908,R937,F,ATCGCGACT,AAACACCTT,AAGGTGTTT
107,D02,F916,R937,F,ATCGCGACT,TTCCGAATT,AATTCGGAA
108,E02,F927,R937,F,ATCGCGACT,AGCAAGGTC,GACCTTGCT
109,F02,F934,R937,F,ATCGCGACT,GCAGATGCA,TGCATCTGC
110,G02,F935,R937,F,ATCGCGACT,TAACGCGTC,GACGCGTTA
111,H02,F936,R937,F,ATCGCGACT,AAGTAGGCT,AGCCTACTT
112,A03,F904,R938,F,ATTCGAATC,GTGCATTAG,CTAATGCAC
113,B03,F906,R938,F,ATTCGAATC,ACAACCATC,GATGGTTGT
114,C03,F908,R938,F,ATTCGAATC,AAACACCTT,AAGGTGTTT
115,D03,F916,R938,F,ATTCGAATC,TTCCGAATT,AATTCGGAA
116,E03,F927,R938,F,ATTCGAATC,AGCAAGGTC,GACCTTGCT
117,F03,F934,R938,F,ATTCGAATC,GCAGATGCA,TGCATCTGC
118,G03,F935,R938,F,ATTCGAATC,TAACGCGTC,GACGCGTTA
119,H03,F936,R938,F,ATTCGAATC,AAGTAGGCT,AGCCTACTT
120,A04,F904,R943,F,TGCTTATTC,GTGCATTAG,CTAATGCAC
121,B04,F906,R943,F,TGCTTATTC,ACAACCATC,GATGGTTGT
122,C04,F908,R943,F,TGCTTATTC,AAACACCTT,AAGGTGTTT
123,D04,F916,R943,F,TGCTTATTC,TTCCGAATT,AATTCGGAA
124,E04,F927,R943,F,TGCTTATTC,AGCAAGGTC,GACCTTGCT
125,F04,F934,R943,F,TGCTTATTC,GCAGATGCA,TGCATCTGC
126,G04,F935,R943,F,TGCTTATTC,TAACGCGTC,GACGCGTTA
127,H04,F936,R943,F,TGCTTATTC,AAGTAGGCT,AGCCTACTT
128,A05,F904,R945,F,TCAGCTAAT,GTGCATTAG,CTAATGCAC
129,B05,F906,R945,F,TCAGCTAAT,ACAACCATC,GATGGTTGT
130,C05,F908,R945,F,TCAGCTAAT,AAACACCTT,AAGGTGTTT
131,D05,F916,R945,F,TCAGCTAAT,TTCCGAATT,AATTCGGAA
132,E05,F927,R945,F,TCAGCTAAT,AGCAAGGTC,GACCTTGCT
133,F05,F934,R945,F,TCAGCTAAT,GCAGATGCA,TGCATCTGC
134,G05,F935,R945,F,TCAGCTAAT,TAACGCGTC,GACGCGTTA
135,H05,F936,R945,F,TCAGCTAAT,AAGTAGGCT,AGCCTACTT
136,A06,F904,R946,F,TGATTAAGC,GTGCATTAG,CTAATGCAC
137,B06,F906,R946,F,TGATTAAGC,ACAACCATC,GATGGTTGT
138,C06,F908,R946,F,TGATTAAGC,AAACACCTT,AAGGTGTTT
139,D06,F916,R946,F,TGATTAAGC,TTCCGAATT,AATTCGGAA
140,E06,F927,R946,F,TGATTAAGC,AGCAAGGTC,GACCTTGCT
141,F06,F934,R946,F,TGATTAAGC,GCAGATGCA,TGCATCTGC
142,G06,F935,R946,F,TGATTAAGC,TAACGCGTC,GACGCGTTA
143,H06,F936,R946,F,TGATTAAGC,AAGTAGGCT,AGCCTACTT
144,A07,F904,R951,F,ATTGGTTGC,GTGCATTAG,CTAATGCAC
145,B07,F906,R951,F,ATTGGTTGC,ACAACCATC,GATGGTTGT
146,C07,F908,R951,F,ATTGGTTGC,AAACACCTT,AAGGTGTTT
147,D07,F916,R951,F,ATTGGTTGC,TTCCGAATT,AATTCGGAA
148,E07,F927,R951,F,ATTGGTTGC,AGCAAGGTC,GACCTTGCT
149,F07,F934,R951,F,ATTGGTTGC,GCAGATGCA,TGCATCTGC
150,G07,F935,R951,F,ATTGGTTGC,TAACGCGTC,GACGCGTTA
151,H07,F936,R951,F,ATTGGTTGC,AAGTAGGCT,AGCCTACTT
152,A08,F904,R959,F,GCTATCGAT,GTGCATTAG,CTAATGCAC
153,B08,F906,R959,F,GCTATCGAT,ACAACCATC,GATGGTTGT
154,C08,F908,R959,F,GCTATCGAT,AAACACCTT,AAGGTGTTT
155,D08,F916,R959,F,GCTATCGAT,TTCCGAATT,AATTCGGAA
156,E08,F927,R959,F,GCTATCGAT,AGCAAGGTC,GACCTTGCT
157,F08,F934,R959,F,GCTATCGAT,GCAGATGCA,TGCATCTGC
158,G08,F935,R959,F,GCTATCGAT,TAACGCGTC,GACGCGTTA
159,H08,F936,R959,F,GCTATCGAT,AAGTAGGCT,AGCCTACTT
160,A09,F904,R983,F,TAGCGACAA,GTGCATTAG,CTAATGCAC
161,B09,F906,R983,F,TAGCGACAA,ACAACCATC,GATGGTTGT
162,C09,F908,R983,F,TAGCGACAA,AAACACCTT,AAGGTGTTT
163,D09,F916,R983,F,TAGCGACAA,TTCCGAATT,AATTCGGAA
164,E09,F927,R983,F,TAGCGACAA,AGCAAGGTC,GACCTTGCT
165,F09,F934,R983,F,TAGCGACAA,GCAGATGCA,TGCATCTGC
166,G09,F935,R983,F,TAGCGACAA,TAACGCGTC,GACGCGTTA
167,H09,F936,R983,F,TAGCGACAA,AAGTAGGCT,AGCCTACTT
168,A10,F904,R986,F,ACCTGAGGC,GTGCATTAG,CTAATGCAC
169,B10,F906,R986,F,ACCTGAGGC,ACAACCATC,GATGGTTGT
170,C10,F908,R986,F,ACCTGAGGC,AAACACCTT,AAGGTGTTT
171,D10,F916,R986,F,ACCTGAGGC,TTCCGAATT,AATTCGGAA
172,E10,F927,R986,F,ACCTGAGGC,AGCAAGGTC,GACCTTGCT
173,F10,F934,R986,F,ACCTGAGGC,GCAGATGCA,TGCATCTGC
174,G10,F935,R986,F,ACCTGAGGC,TAACGCGTC,GACGCGTTA
175,H10,F936,R986,F,ACCTGAGGC,AAGTAGGCT,AGCCTACTT
176,A11,F904,R990,F,AGCCGATTA,GTGCATTAG,CTAATGCAC
177,B11,F906,R990,F,AGCCGATTA,ACAACCATC,GATGGTTGT
178,C11,F908,R990,F,AGCCGATTA,AAACACCTT,AAGGTGTTT
179,D11,F916,R990,F,AGCCGATTA,TTCCGAATT,AATTCGGAA
180,E11,F927,R990,F,AGCCGATTA,AGCAAGGTC,GACCTTGCT
181,F11,F934,R990,F,AGCCGATTA,GCAGATGCA,TGCATCTGC
182,G11,F935,R990,F,AGCCGATTA,TAACGCGTC,GACGCGTTA
183,H11,F936,R990,F,AGCCGATTA,AAGTAGGCT,AGCCTACTT
184,A12,F904,R996,F,GATAGCGGA,GTGCATTAG,CTAATGCAC
185,B12,F906,R996,F,GATAGCGGA,ACAACCATC,GATGGTTGT
186,C12,F908,R996,F,GATAGCGGA,AAACACCTT,AAGGTGTTT
187,D12,F916,R996,F,GATAGCGGA,TTCCGAATT,AATTCGGAA
188,E12,F927,R996,F,GATAGCGGA,AGCAAGGTC,GACCTTGCT
189,F12,F934,R996,F,GATAGCGGA,GCAGATGCA,TGCATCTGC
190,G12,F935,R996,F,GATAGCGGA,TAACGCGTC,GACGCGTTA
191,H12,F936,R996,F,GATAGCGGA,AAGTAGGCT,AGCCTACTT
192,A01,F937,R902,G,TCCTCAGCC,TCTAACCAT,ATGGTTAGA
193,B01,F938,R902,G,TCCTCAGCC,ATACGCAGC,GCTGCGTAT
194,C01,F939,R902,G,TCCTCAGCC,GCCGTTACA,TGTAACGGC
195,D01,F940,R902,G,TCCTCAGCC,GCACCTATT,AATAGGTGC
196,E01,F941,R902,G,TCCTCAGCC,GATTGTGTT,AACACAATC
197,F01,F942,R902,G,TCCTCAGCC,ATACCGGCA,TGCCGGTAT
198,G01,F943,R902,G,TCCTCAGCC,CGTAACTTA,TAAGTTACG
199,H01,F944,R902,G,TCCTCAGCC,GGTCTAGCT,AGCTAGACC
200,A02,F937,R908,G,AAGACTCTT,TCTAACCAT,ATGGTTAGA
201,B02,F938,R908,G,AAGACTCTT,ATACGCAGC,GCTGCGTAT
202,C02,F939,R908,G,AAGACTCTT,GCCGTTACA,TGTAACGGC
203,D02,F940,R908,G,AAGACTCTT,GCACCTATT,AATAGGTGC
204,E02,F941,R908,G,AAGACTCTT,GATTGTGTT,AACACAATC
205,F02,F942,R908,G,AAGACTCTT,ATACCGGCA,TGCCGGTAT
206,G02,F943,R908,G,AAGACTCTT,CGTAACTTA,TAAGTTACG
207,H02,F944,R908,G,AAGACTCTT,GGTCTAGCT,AGCTAGACC
208,A03,F937,R911,G,GGGTTGTTA,TCTAACCAT,ATGGTTAGA
209,B03,F938,R911,G,GGGTTGTTA,ATACGCAGC,GCTGCGTAT
210,C03,F939,R911,G,GGGTTGTTA,GCCGTTACA,TGTAACGGC
211,D03,F940,R911,G,GGGTTGTTA,GCACCTATT,AATAGGTGC
212,E03,F941,R911,G,GGGTTGTTA,GATTGTGTT,AACACAATC
213,F03,F942,R911,G,GGGTTGTTA,ATACCGGCA,TGCCGGTAT
214,G03,F943,R911,G,GGGTTGTTA,CGTAACTTA,TAAGTTACG
215,H03,F944,R911,G,GGGTTGTTA,GGTCTAGCT,AGCTAGACC
216,A04,F937,R912,G,GAACTGTAT,TCTAACCAT,ATGGTTAGA
217,B04,F938,R912,G,GAACTGTAT,ATACGCAGC,GCTGCGTAT
218,C04,F939,R912,G,GAACTGTAT,GCCGTTACA,TGTAACGGC
219,D04,F940,R912,G,GAACTGTAT,GCACCTATT,AATAGGTGC
220,E04,F941,R912,G,GAACTGTAT,GATTGTGTT,AACACAATC
221,F04,F942,R912,G,GAACTGTAT,ATACCGGCA,TGCCGGTAT
222,G04,F943,R912,G,GAACTGTAT,CGTAACTTA,TAAGTTACG
223,H04,F944,R912,G,GAACTGTAT,GGTCTAGCT,AGCTAGACC
224,A05,F937,R913,G,GTTTATACT,TCTAACCAT,ATGGTTAGA
225,B05,F938,R913,G,GTTTATACT,ATACGCAGC,GCTGCGTAT
226,C05,F939,R913,G,GTTTATACT,GCCGTTACA,TGTAACGGC
227,D05,F940,R913,G,GTTTATACT,GCACCTATT,AATAGGTGC
228,E05,F941,R913,G,GTTTATACT,GATTGTGTT,AACACAATC
229,F05,F942,R913,G,GTTTATACT,ATACCGGCA,TGCCGGTAT
230,G05,F943,R913,G,GTTTATACT,CGTAACTTA,TAAGTTACG
231,H05,F944,R913,G,GTTTATACT,GGTCTAGCT,AGCTAGACC
232,A06,F937,R919,G,ACTCATGTA,TCTAACCAT,ATGGTTAGA
233,B06,F938,R919,G,ACTCATGTA,ATACGCAGC,GCTGCGTAT
234,C06,F939,R919,G,ACTCATGTA,GCCGTTACA,TGTAACGGC
235,D06,F940,R919,G,ACTCATGTA,GCACCTATT,AATAGGTGC
236,E06,F941,R919,G,ACTCATGTA,GATTGTGTT,AACACAATC
237,F06,F942,R919,G,ACTCATGTA,ATACCGGCA,TGCCGGTAT
238,G06,F943,R919,G,ACTCATGTA,CGTAACTTA,TAAGTTACG
239,H06,F944,R919,G,ACTCATGTA,GGTCTAGCT,AGCTAGACC
240,A07,F937,R920,G,ATTCGCTCT,TCTAACCAT,ATGGTTAGA
241,B07,F938,R920,G,ATTCGCTCT,ATACGCAGC,GCTGCGTAT
242,C07,F939,R920,G,ATTCGCTCT,GCCGTTACA,TGTAACGGC
243,D07,F940,R920,G,ATTCGCTCT,GCACCTATT,AATAGGTGC
244,E07,F941,R920,G,ATTCGCTCT,GATTGTGTT,AACACAATC
245,F07,F942,R920,G,ATTCGCTCT,ATACCGGCA,TGCCGGTAT
246,G07,F943,R920,G,ATTCGCTCT,CGTAACTTA,TAAGTTACG
247,H07,F944,R920,G,ATTCGCTCT,GGTCTAGCT,AGCTAGACC
248,A08,F937,R921,G,TCAGTACAT,TCTAACCAT,ATGGTTAGA
249,B08,F938,R921,G,TCAGTACAT,ATACGCAGC,GCTGCGTAT
250,C08,F939,R921,G,TCAGTACAT,GCCGTTACA,TGTAACGGC
251,D08,F940,R921,G,TCAGTACAT,GCACCTATT,AATAGGTGC
252,E08,F941,R921,G,TCAGTACAT,GATTGTGTT,AACACAATC
253,F08,F942,R921,G,TCAGTACAT,ATACCGGCA,TGCCGGTAT
254,G08,F943,R921,G,TCAGTACAT,CGTAACTTA,TAAGTTACG
255,H08,F944,R921,G,TCAGTACAT,GGTCTAGCT,AGCTAGACC
256,A09,F937,R922,G,TAAGGTAGC,TCTAACCAT,ATGGTTAGA
257,B09,F938,R922,G,TAAGGTAGC,ATACGCAGC,GCTGCGTAT
258,C09,F939,R922,G,TAAGGTAGC,GCCGTTACA,TGTAACGGC
259,D09,F940,R922,G,TAAGGTAGC,GCACCTATT,AATAGGTGC
260,E09,F941,R922,G,TAAGGTAGC,GATTGTGTT,AACACAATC
261,F09,F942,R922,G,TAAGGTAGC,ATACCGGCA,TGCCGGTAT
262,G09,F943,R922,G,TAAGGTAGC,CGTAACTTA,TAAGTTACG
263,H09,F944,R922,G,TAAGGTAGC,GGTCTAGCT,AGCTAGACC
264,A10,F937,R923,G,TGCATGACA,TCTAACCAT,ATGGTTAGA
265,B10,F938,R923,G,TGCATGACA,ATACGCAGC,GCTGCGTAT
266,C10,F939,R923,G,TGCATGACA,GCCGTTACA,TGTAACGGC
267,D10,F940,R923,G,TGCATGACA,GCACCTATT,AATAGGTGC
268,E10,F941,R923,G,TGCATGACA,GATTGTGTT,AACACAATC
269,F10,F942,R923,G,TGCATGACA,ATACCGGCA,TGCCGGTAT
270,G10,F943,R923,G,TGCATGACA,CGTAACTTA,TAAGTTACG
271,H10,F944,R923,G,TGCATGACA,GGTCTAGCT,AGCTAGACC
272,A11,F937,R924,G,GACTTCATT,TCTAACCAT,ATGGTTAGA
273,B11,F938,R924,G,GACTTCATT,ATACGCAGC,GCTGCGTAT
274,C11,F939,R924,G,GACTTCATT,GCCGTTACA,TGTAACGGC
275,D11,F940,R924,G,GACTTCATT,GCACCTATT,AATAGGTGC
276,E11,F941,R924,G,GACTTCATT,GATTGTGTT,AACACAATC
277,F11,F942,R924,G,GACTTCATT,ATACCGGCA,TGCCGGTAT
278,G11,F943,R924,G,GACTTCATT,CGTAACTTA,TAAGTTACG
279,H11,F944,R924,G,GACTTCATT,GGTCTAGCT,AGCTAGACC
280,A12,F937,R935,G,TAGCTCTTC,TCTAACCAT,ATGGTTAGA
281,B12,F938,R935,G,TAGCTCTTC,ATACGCAGC,GCTGCGTAT
282,C12,F939,R935,G,TAGCTCTTC,GCCGTTACA,TGTAACGGC
283,D12,F940,R935,G,TAGCTCTTC,GCACCTATT,AATAGGTGC
284,E12,F941,R935,G,TAGCTCTTC,GATTGTGTT,AACACAATC
285,F12,F942,R935,G,TAGCTCTTC,ATACCGGCA,TGCCGGTAT
286,G12,F943,R935,G,TAGCTCTTC,CGTAACTTA,TAAGTTACG
287,H12,F944,R935,G,TAGCTCTTC,GGTCTAGCT,AGCTAGACC
288,A01,F937,R936,H,TGGAACGCT,TCTAACCAT,ATGGTTAGA
289,B01,F938,R936,H,TGGAACGCT,ATACGCAGC,GCTGCGTAT
290,C01,F939,R936,H,TGGAACGCT,GCCGTTACA,TGTAACGGC
291,D01,F940,R936,H,TGGAACGCT,GCACCTATT,AATAGGTGC
292,E01,F941,R936,H,TGGAACGCT,GATTGTGTT,AACACAATC
293,F01,F942,R936,H,TGGAACGCT,ATACCGGCA,TGCCGGTAT
294,G01,F943,R936,H,TGGAACGCT,CGTAACTTA,TAAGTTACG
295,H01,F944,R936,H,TGGAACGCT,GGTCTAGCT,AGCTAGACC
296,A02,F937,R937,H,ATCGCGACT,TCTAACCAT,ATGGTTAGA
297,B02,F938,R937,H,ATCGCGACT,ATACGCAGC,GCTGCGTAT
298,C02,F939,R937,H,ATCGCGACT,GCCGTTACA,TGTAACGGC
299,D02,F940,R937,H,ATCGCGACT,GCACCTATT,AATAGGTGC
300,E02,F941,R937,H,ATCGCGACT,GATTGTGTT,AACACAATC
301,F02,F942,R937,H,ATCGCGACT,ATACCGGCA,TGCCGGTAT
302,G02,F943,R937,H,ATCGCGACT,CGTAACTTA,TAAGTTACG
303,H02,F944,R937,H,ATCGCGACT,GGTCTAGCT,AGCTAGACC
304,A03,F937,R938,H,ATTCGAATC,TCTAACCAT,ATGGTTAGA
305,B03,F938,R938,H,ATTCGAATC,ATACGCAGC,GCTGCGTAT
306,C03,F939,R938,H,ATTCGAATC,GCCGTTACA,TGTAACGGC
307,D03,F940,R938,H,ATTCGAATC,GCACCTATT,AATAGGTGC
308,E03,F941,R938,H,ATTCGAATC,GATTGTGTT,AACACAATC
309,F03,F942,R938,H,ATTCGAATC,ATACCGGCA,TGCCGGTAT
310,G03,F943,R938,H,ATTCGAATC,CGTAACTTA,TAAGTTACG
311,H03,F944,R938,H,ATTCGAATC,GGTCTAGCT,AGCTAGACC
312,A04,F937,R943,H,TGCTTATTC,TCTAACCAT,ATGGTTAGA
313,B04,F938,R943,H,TGCTTATTC,ATACGCAGC,GCTGCGTAT
314,C04,F939,R943,H,TGCTTATTC,GCCGTTACA,TGTAACGGC
315,D04,F940,R943,H,TGCTTATTC,GCACCTATT,AATAGGTGC
316,E04,F941,R943,H,TGCTTATTC,GATTGTGTT,AACACAATC
317,F04,F942,R943,H,TGCTTATTC,ATACCGGCA,TGCCGGTAT
318,G04,F943,R943,H,TGCTTATTC,CGTAACTTA,TAAGTTACG
319,H04,F944,R943,H,TGCTTATTC,GGTCTAGCT,AGCTAGACC
320,A05,F937,R945,H,TCAGCTAAT,TCTAACCAT,ATGGTTAGA
321,B05,F938,R945,H,TCAGCTAAT,ATACGCAGC,GCTGCGTAT
322,C05,F939,R945,H,TCAGCTAAT,GCCGTTACA,TGTAACGGC
323,D05,F940,R945,H,TCAGCTAAT,GCACCTATT,AATAGGTGC
324,E05,F941,R945,H,TCAGCTAAT,GATTGTGTT,AACACAATC
325,F05,F942,R945,H,TCAGCTAAT,ATACCGGCA,TGCCGGTAT
326,G05,F943,R945,H,TCAGCTAAT,CGTAACTTA,TAAGTTACG
327,H05,F944,R945,H,TCAGCTAAT,GGTCTAGCT,AGCTAGACC
328,A06,F937,R946,H,TGATTAAGC,TCTAACCAT,ATGGTTAGA
329,B06,F938,R946,H,TGATTAAGC,ATACGCAGC,GCTGCGTAT
330,C06,F939,R946,H,TGATTAAGC,GCCGTTACA,TGTAACGGC
331,D06,F940,R946,H,TGATTAAGC,GCACCTATT,AATAGGTGC
332,E06,F941,R946,H,TGATTAAGC,GATTGTGTT,AACACAATC
333,F06,F942,R946,H,TGATTAAGC,ATACCGGCA,TGCCGGTAT
334,G06,F943,R946,H,TGATTAAGC,CGTAACTTA,TAAGTTACG
335,H06,F944,R946,H,TGATTAAGC,GGTCTAGCT,AGCTAGACC
336,A07,F937,R951,H,ATTGGTTGC,TCTAACCAT,ATGGTTAGA
337,B07,F938,R951,H,ATTGGTTGC,ATACGCAGC,GCTGCGTAT
338,C07,F939,R951,H,ATTGGTTGC,GCCGTTACA,TGTAACGGC
339,D07,F940,R951,H,ATTGGTTGC,GCACCTATT,AATAGGTGC
340,E07,F941,R951,H,ATTGGTTGC,GATTGTGTT,AACACAATC
341,F07,F942,R951,H,ATTGGTTGC,ATACCGGCA,TGCCGGTAT
342,G07,F943,R951,H,ATTGGTTGC,CGTAACTTA,TAAGTTACG
343,H07,F944,R951,H,ATTGGTTGC,GGTCTAGCT,AGCTAGACC
344,A08,F937,R959,H,GCTATCGAT,TCTAACCAT,ATGGTTAGA
345,B08,F938,R959,H,GCTATCGAT,ATACGCAGC,GCTGCGTAT
346,C08,F939,R959,H,GCTATCGAT,GCCGTTACA,TGTAACGGC
347,D08,F940,R959,H,GCTATCGAT,GCACCTATT,AATAGGTGC
348,E08,F941,R959,H,GCTATCGAT,GATTGTGTT,AACACAATC
349,F08,F942,R959,H,GCTATCGAT,ATACCGGCA,TGCCGGTAT
350,G08,F943,R959,H,GCTATCGAT,CGTAACTTA,TAAGTTACG
351,H08,F944,R959,H,GCTATCGAT,GGTCTAGCT,AGCTAGACC
352,A09,F937,R983,H,TAGCGACAA,TCTAACCAT,ATGGTTAGA
353,B09,F938,R983,H,TAGCGACAA,ATACGCAGC,GCTGCGTAT
354,C09,F939,R983,H,TAGCGACAA,GCCGTTACA,TGTAACGGC
355,D09,F940,R983,H,TAGCGACAA,GCACCTATT,AATAGGTGC
356,E09,F941,R983,H,TAGCGACAA,GATTGTGTT,AACACAATC
357,F09,F942,R983,H,TAGCGACAA,ATACCGGCA,TGCCGGTAT
358,G09,F943,R983,H,TAGCGACAA,CGTAACTTA,TAAGTTACG
359,H09,F944,R983,H,TAGCGACAA,GGTCTAGCT,AGCTAGACC
360,A10,F937,R986,H,ACCTGAGGC,TCTAACCAT,ATGGTTAGA
361,B10,F938,R986,H,ACCTGAGGC,ATACGCAGC,GCTGCGTAT
362,C10,F939,R986,H,ACCTGAGGC,GCCGTTACA,TGTAACGGC
363,D10,F940,R986,H,ACCTGAGGC,GCACCTATT,AATAGGTGC
364,E10,F941,R986,H,ACCTGAGGC,GATTGTGTT,AACACAATC
365,F10,F942,R986,H,ACCTGAGGC,ATACCGGCA,TGCCGGTAT
366,G10,F943,R986,H,ACCTGAGGC,CGTAACTTA,TAAGTTACG
367,H10,F944,R986,H,ACCTGAGGC,GGTCTAGCT,AGCTAGACC
368,A11,F937,R990,H,AGCCGATTA,TCTAACCAT,ATGGTTAGA
369,B11,F938,R990,H,AGCCGATTA,ATACGCAGC,GCTGCGTAT
370,C11,F939,R990,H,AGCCGATTA,GCCGTTACA,TGTAACGGC
371,D11,F940,R990,H,AGCCGATTA,GCACCTATT,AATAGGTGC
372,E11,F941,R990,H,AGCCGATTA,GATTGTGTT,AACACAATC
373,F11,F942,R990,H,AGCCGATTA,ATACCGGCA,TGCCGGTAT
374,G11,F943,R990,H,AGCCGATTA,CGTAACTTA,TAAGTTACG
375,H11,F944,R990,H,AGCCGATTA,GGTCTAGCT,AGCTAGACC
376,A12,F937,R996,H,GATAGCGGA,TCTAACCAT,ATGGTTAGA
377,B12,F938,R996,H,GATAGCGGA,ATACGCAGC,GCTGCGTAT
378,C12,F939,R996,H,GATAGCGGA,GCCGTTACA,TGTAACGGC
379,D12,F940,R996,H,GATAGCGGA,GCACCTATT,AATAGGTGC
380,E12,F941,R996,H,GATAGCGGA,GATTGTGTT,AACACAATC
381,F12,F942,R996,H,GATAGCGGA,ATACCGGCA,TGCCGGTAT
382,G12,F943,R996,H,GATAGCGGA,CGTAACTTA,TAAGTTACG
383,H12,F944,R996,H,GATAGCGGA,GGTCTAGCT,AGCTAGACC
384,A01,F910,R902,I,TCCTCAGCC,TCTTAGTCC,GGACTAAGA
385,B01,F913,R902,I,TCCTCAGCC,AAATCTACG,CGTAGATTT
386,C01,F914,R902,I,TCCTCAGCC,AAGCTGAGC,GCTCAGCTT
387,D01,F915,R902,I,TCCTCAGCC,AAGGATACC,GGTATCCTT
388,E01,F923,R902,I,TCCTCAGCC,GCCTTAACC,GGTTAAGGC
389,F01,F928,R902,I,TCCTCAGCC,ACTCAATCT,AGATTGAGT
390,G01,F930,R902,I,TCCTCAGCC,TGCTATCGC,GCGATAGCA
391,H01,F933,R902,I,TCCTCAGCC,ACGACTTGG,CCAAGTCGT
392,A02,F910,R908,I,AAGACTCTT,TCTTAGTCC,GGACTAAGA
393,B02,F913,R908,I,AAGACTCTT,AAATCTACG,CGTAGATTT
394,C02,F914,R908,I,AAGACTCTT,AAGCTGAGC,GCTCAGCTT
395,D02,F915,R908,I,AAGACTCTT,AAGGATACC,GGTATCCTT
396,E02,F923,R908,I,AAGACTCTT,GCCTTAACC,GGTTAAGGC
397,F02,F928,R908,I,AAGACTCTT,ACTCAATCT,AGATTGAGT
398,G02,F930,R908,I,AAGACTCTT,TGCTATCGC,GCGATAGCA
399,H02,F933,R908,I,AAGACTCTT,ACGACTTGG,CCAAGTCGT
400,A03,F910,R911,I,GGGTTGTTA,TCTTAGTCC,GGACTAAGA
401,B03,F913,R911,I,GGGTTGTTA,AAATCTACG,CGTAGATTT
402,C03,F914,R911,I,GGGTTGTTA,AAGCTGAGC,GCTCAGCTT
403,D03,F915,R911,I,GGGTTGTTA,AAGGATACC,GGTATCCTT
404,E03,F923,R911,I,GGGTTGTTA,GCCTTAACC,GGTTAAGGC
405,F03,F928,R911,I,GGGTTGTTA,ACTCAATCT,AGATTGAGT
406,G03,F930,R911,I,GGGTTGTTA,TGCTATCGC,GCGATAGCA
407,H03,F933,R911,I,GGGTTGTTA,ACGACTTGG,CCAAGTCGT
408,A04,F910,R912,I,GAACTGTAT,TCTTAGTCC,GGACTAAGA
409,B04,F913,R912,I,GAACTGTAT,AAATCTACG,CGTAGATTT
410,C04,F914,R912,I,GAACTGTAT,AAGCTGAGC,GCTCAGCTT
411,D04,F915,R912,I,GAACTGTAT,AAGGATACC,GGTATCCTT
412,E04,F923,R912,I,GAACTGTAT,GCCTTAACC,GGTTAAGGC
413,F04,F928,R912,I,GAACTGTAT,ACTCAATCT,AGATTGAGT
414,G04,F930,R912,I,GAACTGTAT,TGCTATCGC,GCGATAGCA
415,H04,F933,R912,I,GAACTGTAT,ACGACTTGG,CCAAGTCGT
416,A05,F910,R913,I,GTTTATACT,TCTTAGTCC,GGACTAAGA
417,B05,F913,R913,I,GTTTATACT,AAATCTACG,CGTAGATTT
418,C05,F914,R913,I,GTTTATACT,AAGCTGAGC,GCTCAGCTT
419,D05,F915,R913,I,GTTTATACT,AAGGATACC,GGTATCCTT
420,E05,F923,R913,I,GTTTATACT,GCCTTAACC,GGTTAAGGC
421,F05,F928,R913,I,GTTTATACT,ACTCAATCT,AGATTGAGT
422,G05,F930,R913,I,GTTTATACT,TGCTATCGC,GCGATAGCA
423,H05,F933,R913,I,GTTTATACT,ACGACTTGG,CCAAGTCGT
424,A06,F910,R919,I,ACTCATGTA,TCTTAGTCC,GGACTAAGA
425,B06,F913,R919,I,ACTCATGTA,AAATCTACG,CGTAGATTT
426,C06,F914,R919,I,ACTCATGTA,AAGCTGAGC,GCTCAGCTT
427,D06,F915,R919,I,ACTCATGTA,AAGGATACC,GGTATCCTT
428,E06,F923,R919,I,ACTCATGTA,GCCTTAACC,GGTTAAGGC
429,F06,F928,R919,I,ACTCATGTA,ACTCAATCT,AGATTGAGT
430,G06,F930,R919,I,ACTCATGTA,TGCTATCGC,GCGATAGCA
431,H06,F933,R919,I,ACTCATGTA,ACGACTTGG,CCAAGTCGT
432,A07,F910,R920,I,ATTCGCTCT,TCTTAGTCC,GGACTAAGA
433,B07,F913,R920,I,ATTCGCTCT,AAATCTACG,CGTAGATTT
434,C07,F914,R920,I,ATTCGCTCT,AAGCTGAGC,GCTCAGCTT
435,D07,F915,R920,I,ATTCGCTCT,AAGGATACC,GGTATCCTT
436,E07,F923,R920,I,ATTCGCTCT,GCCTTAACC,GGTTAAGGC
437,F07,F928,R920,I,ATTCGCTCT,ACTCAATCT,AGATTGAGT
438,G07,F930,R920,I,ATTCGCTCT,TGCTATCGC,GCGATAGCA
439,H07,F933,R920,I,ATTCGCTCT,ACGACTTGG,CCAAGTCGT
440,A08,F910,R921,I,TCAGTACAT,TCTTAGTCC,GGACTAAGA
441,B08,F913,R921,I,TCAGTACAT,AAATCTACG,CGTAGATTT
442,C08,F914,R921,I,TCAGTACAT,AAGCTGAGC,GCTCAGCTT
443,D08,F915,R921,I,TCAGTACAT,AAGGATACC,GGTATCCTT
444,E08,F923,R921,I,TCAGTACAT,GCCTTAACC,GGTTAAGGC
445,F08,F928,R921,I,TCAGTACAT,ACTCAATCT,AGATTGAGT
446,G08,F930,R921,I,TCAGTACAT,TGCTATCGC,GCGATAGCA
447,H08,F933,R921,I,TCAGTACAT,ACGACTTGG,CCAAGTCGT
448,A09,F910,R922,I,TAAGGTAGC,TCTTAGTCC,GGACTAAGA
449,B09,F913,R922,I,TAAGGTAGC,AAATCTACG,CGTAGATTT
450,C09,F914,R922,I,TAAGGTAGC,AAGCTGAGC,GCTCAGCTT
451,D09,F915,R922,I,TAAGGTAGC,AAGGATACC,GGTATCCTT
452,E09,F923,R922,I,TAAGGTAGC,GCCTTAACC,GGTTAAGGC
453,F09,F928,R922,I,TAAGGTAGC,ACTCAATCT,AGATTGAGT
454,G09,F930,R922,I,TAAGGTAGC,TGCTATCGC,GCGATAGCA
455,H09,F933,R922,I,TAAGGTAGC,ACGACTTGG,CCAAGTCGT
456,A10,F910,R923,I,TGCATGACA,TCTTAGTCC,GGACTAAGA
457,B10,F913,R923,I,TGCATGACA,AAATCTACG,CGTAGATTT
458,C10,F914,R923,I,TGCATGACA,AAGCTGAGC,GCTCAGCTT
459,D10,F915,R923,I,TGCATGACA,AAGGATACC,GGTATCCTT
460,E10,F923,R923,I,TGCATGACA,GCCTTAACC,GGTTAAGGC
461,F10,F928,R923,I,TGCATGACA,ACTCAATCT,AGATTGAGT
462,G10,F930,R923,I,TGCATGACA,TGCTATCGC,GCGATAGCA
463,H10,F933,R923,I,TGCATGACA,ACGACTTGG,CCAAGTCGT
464,A11,F910,R924,I,GACTTCATT,TCTTAGTCC,GGACTAAGA
465,B11,F913,R924,I,GACTTCATT,AAATCTACG,CGTAGATTT
466,C11,F914,R924,I,GACTTCATT,AAGCTGAGC,GCTCAGCTT
467,D11,F915,R924,I,GACTTCATT,AAGGATACC,GGTATCCTT
468,E11,F923,R924,I,GACTTCATT,GCCTTAACC,GGTTAAGGC
469,F11,F928,R924,I,GACTTCATT,ACTCAATCT,AGATTGAGT
470,G11,F930,R924,I,GACTTCATT,TGCTATCGC,GCGATAGCA
471,H11,F933,R924,I,GACTTCATT,ACGACTTGG,CCAAGTCGT
472,A12,F910,R935,I,TAGCTCTTC,TCTTAGTCC,GGACTAAGA
473,B12,F913,R935,I,TAGCTCTTC,AAATCTACG,CGTAGATTT
474,C12,F914,R935,I,TAGCTCTTC,AAGCTGAGC,GCTCAGCTT
475,D12,F915,R935,I,TAGCTCTTC,AAGGATACC,GGTATCCTT
476,E12,F923,R935,I,TAGCTCTTC,GCCTTAACC,GGTTAAGGC
477,F12,F928,R935,I,TAGCTCTTC,ACTCAATCT,AGATTGAGT
478,G12,F930,R935,I,TAGCTCTTC,TGCTATCGC,GCGATAGCA
479,H12,F933,R935,I,TAGCTCTTC,ACGACTTGG,CCAAGTCGT
480,A01,F910,R936,J,TGGAACGCT,TCTTAGTCC,GGACTAAGA
481,B01,F913,R936,J,TGGAACGCT,AAATCTACG,CGTAGATTT
482,C01,F914,R936,J,TGGAACGCT,AAGCTGAGC,GCTCAGCTT
483,D01,F915,R936,J,TGGAACGCT,AAGGATACC,GGTATCCTT
484,E01,F923,R936,J,TGGAACGCT,GCCTTAACC,GGTTAAGGC
485,F01,F928,R936,J,TGGAACGCT,ACTCAATCT,AGATTGAGT
486,G01,F930,R936,J,TGGAACGCT,TGCTATCGC,GCGATAGCA
487,H01,F933,R936,J,TGGAACGCT,ACGACTTGG,CCAAGTCGT
488,A02,F910,R937,J,ATCGCGACT,TCTTAGTCC,GGACTAAGA
489,B02,F913,R937,J,ATCGCGACT,AAATCTACG,CGTAGATTT
490,C02,F914,R937,J,ATCGCGACT,AAGCTGAGC,GCTCAGCTT
491,D02,F915,R937,J,ATCGCGACT,AAGGATACC,GGTATCCTT
492,E02,F923,R937,J,ATCGCGACT,GCCTTAACC,GGTTAAGGC
493,F02,F928,R937,J,ATCGCGACT,ACTCAATCT,AGATTGAGT
494,G02,F930,R937,J,ATCGCGACT,TGCTATCGC,GCGATAGCA
495,H02,F933,R937,J,ATCGCGACT,ACGACTTGG,CCAAGTCGT
496,A03,F910,R938,J,ATTCGAATC,TCTTAGTCC,GGACTAAGA
497,B03,F913,R938,J,ATTCGAATC,AAATCTACG,CGTAGATTT
498,C03,F914,R938,J,ATTCGAATC,AAGCTGAGC,GCTCAGCTT
499,D03,F915,R938,J,ATTCGAATC,AAGGATACC,GGTATCCTT
500,E03,F923,R938,J,ATTCGAATC,GCCTTAACC,GGTTAAGGC
501,F03,F928,R938,J,ATTCGAATC,ACTCAATCT,AGATTGAGT
502,G03,F930,R938,J,ATTCGAATC,TGCTATCGC,GCGATAGCA
503,H03,F933,R938,J,ATTCGAATC,ACGACTTGG,CCAAGTCGT
504,A04,F910,R943,J,TGCTTATTC,TCTTAGTCC,GGACTAAGA
505,B04,F913,R943,J,TGCTTATTC,AAATCTACG,CGTAGATTT
506,C04,F914,R943,J,TGCTTATTC,AAGCTGAGC,GCTCAGCTT
507,D04,F915,R943,J,TGCTTATTC,AAGGATACC,GGTATCCTT
508,E04,F923,R943,J,TGCTTATTC,GCCTTAACC,GGTTAAGGC
509,F04,F928,R943,J,TGCTTATTC,ACTCAATCT,AGATTGAGT
510,G04,F930,R943,J,TGCTTATTC,TGCTATCGC,GCGATAGCA
511,H04,F933,R943,J,TGCTTATTC,ACGACTTGG,CCAAGTCGT
512,A05,F910,R945,J,TCAGCTAAT,TCTTAGTCC,GGACTAAGA
513,B05,F913,R945,J,TCAGCTAAT,AAATCTACG,CGTAGATTT
514,C05,F914,R945,J,TCAGCTAAT,AAGCTGAGC,GCTCAGCTT
515,D05,F915,R945,J,TCAGCTAAT,AAGGATACC,GGTATCCTT
516,E05,F923,R945,J,TCAGCTAAT,GCCTTAACC,GGTTAAGGC
517,F05,F928,R945,J,TCAGCTAAT,ACTCAATCT,AGATTGAGT
518,G05,F930,R945,J,TCAGCTAAT,TGCTATCGC,GCGATAGCA
519,H05,F933,R945,J,TCAGCTAAT,ACGACTTGG,CCAAGTCGT
520,A06,F910,R946,J,TGATTAAGC,TCTTAGTCC,GGACTAAGA
521,B06,F913,R946,J,TGATTAAGC,AAATCTACG,CGTAGATTT
522,C06,F914,R946,J,TGATTAAGC,AAGCTGAGC,GCTCAGCTT
523,D06,F915,R946,J,TGATTAAGC,AAGGATACC,GGTATCCTT
524,E06,F923,R946,J,TGATTAAGC,GCCTTAACC,GGTTAAGGC
525,F06,F928,R946,J,TGATTAAGC,ACTCAATCT,AGATTGAGT
526,G06,F930,R946,J,TGATTAAGC,TGCTATCGC,GCGATAGCA
527,H06,F933,R946,J,TGATTAAGC,ACGACTTGG,CCAAGTCGT
528,A07,F910,R951,J,ATTGGTTGC,TCTTAGTCC,GGACTAAGA
529,B07,F913,R951,J,ATTGGTTGC,AAATCTACG,CGTAGATTT
530,C07,F914,R951,J,ATTGGTTGC,AAGCTGAGC,GCTCAGCTT
531,D07,F915,R951,J,ATTGGTTGC,AAGGATACC,GGTATCCTT
532,E07,F923,R951,J,ATTGGTTGC,GCCTTAACC,GGTTAAGGC
533,F07,F928,R951,J,ATTGGTTGC,ACTCAATCT,AGATTGAGT
534,G07,F930,R951,J,ATTGGTTGC,TGCTATCGC,GCGATAGCA
535,H07,F933,R951,J,ATTGGTTGC,ACGACTTGG,CCAAGTCGT
536,A08,F910,R959,J,GCTATCGAT,TCTTAGTCC,GGACTAAGA
537,B08,F913,R959,J,GCTATCGAT,AAATCTACG,CGTAGATTT
538,C08,F914,R959,J,GCTATCGAT,AAGCTGAGC,GCTCAGCTT
539,D08,F915,R959,J,GCTATCGAT,AAGGATACC,GGTATCCTT
540,E08,F923,R959,J,GCTATCGAT,GCCTTAACC,GGTTAAGGC
541,F08,F928,R959,J,GCTATCGAT,ACTCAATCT,AGATTGAGT
542,G08,F930,R959,J,GCTATCGAT,TGCTATCGC,GCGATAGCA
543,H08,F933,R959,J,GCTATCGAT,ACGACTTGG,CCAAGTCGT
544,A09,F910,R983,J,TAGCGACAA,TCTTAGTCC,GGACTAAGA
545,B09,F913,R983,J,TAGCGACAA,AAATCTACG,CGTAGATTT
546,C09,F914,R983,J,TAGCGACAA,AAGCTGAGC,GCTCAGCTT
547,D09,F915,R983,J,TAGCGACAA,AAGGATACC,GGTATCCTT
548,E09,F923,R983,J,TAGCGACAA,GCCTTAACC,GGTTAAGGC
549,F09,F928,R983,J,TAGCGACAA,ACTCAATCT,AGATTGAGT
550,G09,F930,R983,J,TAGCGACAA,TGCTATCGC,GCGATAGCA
551,H09,F933,R983,J,TAGCGACAA,ACGACTTGG,CCAAGTCGT
552,A10,F910,R986,J,ACCTGAGGC,TCTTAGTCC,GGACTAAGA
553,B10,F913,R986,J,ACCTGAGGC,AAATCTACG,CGTAGATTT
554,C10,F914,R986,J,ACCTGAGGC,AAGCTGAGC,GCTCAGCTT
555,D10,F915,R986,J,ACCTGAGGC,AAGGATACC,GGTATCCTT
556,E10,F923,R986,J,ACCTGAGGC,GCCTTAACC,GGTTAAGGC
557,F10,F928,R986,J,ACCTGAGGC,ACTCAATCT,AGATTGAGT
558,G10,F930,R986,J,ACCTGAGGC,TGCTATCGC,GCGATAGCA
559,H10,F933,R986,J,ACCTGAGGC,ACGACTTGG,CCAAGTCGT
560,A11,F910,R990,J,AGCCGATTA,TCTTAGTCC,GGACTAAGA
561,B11,F913,R990,J,AGCCGATTA,AAATCTACG,CGTAGATTT
562,C11,F914,R990,J,AGCCGATTA,AAGCTGAGC,GCTCAGCTT
563,D11,F915,R990,J,AGCCGATTA,AAGGATACC,GGTATCCTT
564,E11,F923,R990,J,AGCCGATTA,GCCTTAACC,GGTTAAGGC
565,F11,F928,R990,J,AGCCGATTA,ACTCAATCT,AGATTGAGT
566,G11,F930,R990,J,AGCCGATTA,TGCTATCGC,GCGATAGCA
567,H11,F933,R990,J,AGCCGATTA,ACGACTTGG,CCAAGTCGT
568,A12,F910,R996,J,GATAGCGGA,TCTTAGTCC,GGACTAAGA
569,B12,F913,R996,J,GATAGCGGA,AAATCTACG,CGTAGATTT
570,C12,F914,R996,J,GATAGCGGA,AAGCTGAGC,GCTCAGCTT
571,D12,F915,R996,J,GATAGCGGA,AAGGATACC,GGTATCCTT
572,E12,F923,R996,J,GATAGCGGA,GCCTTAACC,GGTTAAGGC
573,F12,F928,R996,J,GATAGCGGA,ACTCAATCT,AGATTGAGT
574,G12,F930,R996,J,GATAGCGGA,TGCTATCGC,GCGATAGCA
575,H12,F933,R996,J,GATAGCGGA,ACGACTTGG,CCAAGTCGT
576,A01,F946,R902,K,TCCTCAGCC,TTGACGCTA,TAGCGTCAA
577,B01,F947,R902,K,TCCTCAGCC,ATGCTCACA,TGTGAGCAT
578,C01,F949,R902,K,TCCTCAGCC,AAGTCCTAA,TTAGGACTT
579,D01,F951,R902,K,TCCTCAGCC,GAACTGTAT,ATACAGTTC
580,E01,F953,R902,K,TCCTCAGCC,TGAATCCAA,TTGGATTCA
581,F01,F954,R902,K,TCCTCAGCC,GAACATCGG,CCGATGTTC
582,G01,F962,R902,K,TCCTCAGCC,AATGACAGA,TCTGTCATT
583,H01,F964,R902,K,TCCTCAGCC,GTTGTAGCG,CGCTACAAC
584,A02,F946,R908,K,AAGACTCTT,TTGACGCTA,TAGCGTCAA
585,B02,F947,R908,K,AAGACTCTT,ATGCTCACA,TGTGAGCAT
586,C02,F949,R908,K,AAGACTCTT,AAGTCCTAA,TTAGGACTT
587,D02,F951,R908,K,AAGACTCTT,GAACTGTAT,ATACAGTTC
588,E02,F953,R908,K,AAGACTCTT,TGAATCCAA,TTGGATTCA
589,F02,F954,R908,K,AAGACTCTT,GAACATCGG,CCGATGTTC
590,G02,F962,R908,K,AAGACTCTT,AATGACAGA,TCTGTCATT
591,H02,F964,R908,K,AAGACTCTT,GTTGTAGCG,CGCTACAAC
592,A03,F946,R911,K,GGGTTGTTA,TTGACGCTA,TAGCGTCAA
593,B03,F947,R911,K,GGGTTGTTA,ATGCTCACA,TGTGAGCAT
594,C03,F949,R911,K,GGGTTGTTA,AAGTCCTAA,TTAGGACTT
595,D03,F951,R911,K,GGGTTGTTA,GAACTGTAT,ATACAGTTC
596,E03,F953,R911,K,GGGTTGTTA,TGAATCCAA,TTGGATTCA
597,F03,F954,R911,K,GGGTTGTTA,GAACATCGG,CCGATGTTC
598,G03,F962,R911,K,GGGTTGTTA,AATGACAGA,TCTGTCATT
599,H03,F964,R911,K,GGGTTGTTA,GTTGTAGCG,CGCTACAAC
600,A04,F946,R912,K,GAACTGTAT,TTGACGCTA,TAGCGTCAA
601,B04,F947,R912,K,GAACTGTAT,ATGCTCACA,TGTGAGCAT
602,C04,F949,R912,K,GAACTGTAT,AAGTCCTAA,TTAGGACTT
603,D04,F951,R912,K,GAACTGTAT,GAACTGTAT,ATACAGTTC
604,E04,F953,R912,K,GAACTGTAT,TGAATCCAA,TTGGATTCA
605,F04,F954,R912,K,GAACTGTAT,GAACATCGG,CCGATGTTC
606,G04,F962,R912,K,GAACTGTAT,AATGACAGA,TCTGTCATT
607,H04,F964,R912,K,GAACTGTAT,GTTGTAGCG,CGCTACAAC
608,A05,F946,R913,K,GTTTATACT,TTGACGCTA,TAGCGTCAA
609,B05,F947,R913,K,GTTTATACT,ATGCTCACA,TGTGAGCAT
610,C05,F949,R913,K,GTTTATACT,AAGTCCTAA,TTAGGACTT
611,D05,F951,R913,K,GTTTATACT,GAACTGTAT,ATACAGTTC
612,E05,F953,R913,K,GTTTATACT,TGAATCCAA,TTGGATTCA
613,F05,F954,R913,K,GTTTATACT,GAACATCGG,CCGATGTTC
614,G05,F962,R913,K,GTTTATACT,AATGACAGA,TCTGTCATT
615,H05,F964,R913,K,GTTTATACT,GTTGTAGCG,CGCTACAAC
616,A06,F946,R919,K,ACTCATGTA,TTGACGCTA,TAGCGTCAA
617,B06,F947,R919,K,ACTCATGTA,ATGCTCACA,TGTGAGCAT
618,C06,F949,R919,K,ACTCATGTA,AAGTCCTAA,TTAGGACTT
619,D06,F951,R919,K,ACTCATGTA,GAACTGTAT,ATACAGTTC
620,E06,F953,R919,K,ACTCATGTA,TGAATCCAA,TTGGATTCA
621,F06,F954,R919,K,ACTCATGTA,GAACATCGG,CCGATGTTC
622,G06,F962,R919,K,ACTCATGTA,AATGACAGA,TCTGTCATT
623,H06,F964,R919,K,ACTCATGTA,GTTGTAGCG,CGCTACAAC
624,A07,F946,R920,K,ATTCGCTCT,TTGACGCTA,TAGCGTCAA
625,B07,F947,R920,K,ATTCGCTCT,ATGCTCACA,TGTGAGCAT
626,C07,F949,R920,K,ATTCGCTCT,AAGTCCTAA,TTAGGACTT
627,D07,F951,R920,K,ATTCGCTCT,GAACTGTAT,ATACAGTTC
628,E07,F953,R920,K,ATTCGCTCT,TGAATCCAA,TTGGATTCA
629,F07,F954,R920,K,ATTCGCTCT,GAACATCGG,CCGATGTTC
630,G07,F962,R920,K,ATTCGCTCT,AATGACAGA,TCTGTCATT
631,H07,F964,R920,K,ATTCGCTCT,GTTGTAGCG,CGCTACAAC
632,A08,F946,R921,K,TCAGTACAT,TTGACGCTA,TAGCGTCAA
633,B08,F947,R921,K,TCAGTACAT,ATGCTCACA,TGTGAGCAT
634,C08,F949,R921,K,TCAGTACAT,AAGTCCTAA,TTAGGACTT
635,D08,F951,R921,K,TCAGTACAT,GAACTGTAT,ATACAGTTC
636,E08,F953,R921,K,TCAGTACAT,TGAATCCAA,TTGGATTCA
637,F08,F954,R921,K,TCAGTACAT,GAACATCGG,CCGATGTTC
638,G08,F962,R921,K,TCAGTACAT,AATGACAGA,TCTGTCATT
639,H08,F964,R921,K,TCAGTACAT,GTTGTAGCG,CGCTACAAC
640,A09,F946,R922,K,TAAGGTAGC,TTGACGCTA,TAGCGTCAA
641,B09,F947,R922,K,TAAGGTAGC,ATGCTCACA,TGTGAGCAT
642,C09,F949,R922,K,TAAGGTAGC,AAGTCCTAA,TTAGGACTT
643,D09,F951,R922,K,TAAGGTAGC,GAACTGTAT,ATACAGTTC
644,E09,F953,R922,K,TAAGGTAGC,TGAATCCAA,TTGGATTCA
645,F09,F954,R922,K,TAAGGTAGC,GAACATCGG,CCGATGTTC
646,G09,F962,R922,K,TAAGGTAGC,AATGACAGA,TCTGTCATT
647,H09,F964,R922,K,TAAGGTAGC,GTTGTAGCG,CGCTACAAC
648,A10,F946,R923,K,TGCATGACA,TTGACGCTA,TAGCGTCAA
649,B10,F947,R923,K,TGCATGACA,ATGCTCACA,TGTGAGCAT
650,C10,F949,R923,K,TGCATGACA,AAGTCCTAA,TTAGGACTT
651,D10,F951,R923,K,TGCATGACA,GAACTGTAT,ATACAGTTC
652,E10,F953,R923,K,TGCATGACA,TGAATCCAA,TTGGATTCA
653,F10,F954,R923,K,TGCATGACA,GAACATCGG,CCGATGTTC
654,G10,F962,R923,K,TGCATGACA,AATGACAGA,TCTGTCATT
655,H10,F964,R923,K,TGCATGACA,GTTGTAGCG,CGCTACAAC
656,A11,F946,R924,K,GACTTCATT,TTGACGCTA,TAGCGTCAA
657,B11,F947,R924,K,GACTTCATT,ATGCTCACA,TGTGAGCAT
658,C11,F949,R924,K,GACTTCATT,AAGTCCTAA,TTAGGACTT
659,D11,F951,R924,K,GACTTCATT,GAACTGTAT,ATACAGTTC
660,E11,F953,R924,K,GACTTCATT,TGAATCCAA,TTGGATTCA
661,F11,F954,R924,K,GACTTCATT,GAACATCGG,CCGATGTTC
662,G11,F962,R924,K,GACTTCATT,AATGACAGA,TCTGTCATT
663,H11,F964,R924,K,GACTTCATT,GTTGTAGCG,CGCTACAAC
664,A12,F946,R935,K,TAGCTCTTC,TTGACGCTA,TAGCGTCAA
665,B12,F947,R935,K,TAGCTCTTC,ATGCTCACA,TGTGAGCAT
666,C12,F949,R935,K,TAGCTCTTC,AAGTCCTAA,TTAGGACTT
667,D12,F951,R935,K,TAGCTCTTC,GAACTGTAT,ATACAGTTC
668,E12,F953,R935,K,TAGCTCTTC,TGAATCCAA,TTGGATTCA
669,F12,F954,R935,K,TAGCTCTTC,GAACATCGG,CCGATGTTC
670,G12,F962,R935,K,TAGCTCTTC,AATGACAGA,TCTGTCATT
671,H12,F964,R935,K,TAGCTCTTC,GTTGTAGCG,CGCTACAAC
672,A01,F946,R936,L,TGGAACGCT,TTGACGCTA,TAGCGTCAA
673,B01,F947,R936,L,TGGAACGCT,ATGCTCACA,TGTGAGCAT
674,C01,F949,R936,L,TGGAACGCT,AAGTCCTAA,TTAGGACTT
675,D01,F951,R936,L,TGGAACGCT,GAACTGTAT,ATACAGTTC
676,E01,F953,R936,L,TGGAACGCT,TGAATCCAA,TTGGATTCA
677,F01,F954,R936,L,TGGAACGCT,GAACATCGG,CCGATGTTC
678,G01,F962,R936,L,TGGAACGCT,AATGACAGA,TCTGTCATT
679,H01,F964,R936,L,TGGAACGCT,GTTGTAGCG,CGCTACAAC
680,A02,F946,R937,L,ATCGCGACT,TTGACGCTA,TAGCGTCAA
681,B02,F947,R937,L,ATCGCGACT,ATGCTCACA,TGTGAGCAT
682,C02,F949,R937,L,ATCGCGACT,AAGTCCTAA,TTAGGACTT
683,D02,F951,R937,L,ATCGCGACT,GAACTGTAT,ATACAGTTC
684,E02,F953,R937,L,ATCGCGACT,TGAATCCAA,TTGGATTCA
685,F02,F954,R937,L,ATCGCGACT,GAACATCGG,CCGATGTTC
686,G02,F962,R937,L,ATCGCGACT,AATGACAGA,TCTGTCATT
687,H02,F964,R937,L,ATCGCGACT,GTTGTAGCG,CGCTACAAC
688,A03,F946,R938,L,ATTCGAATC,TTGACGCTA,TAGCGTCAA
689,B03,F947,R938,L,ATTCGAATC,ATGCTCACA,TGTGAGCAT
690,C03,F949,R938,L,ATTCGAATC,AAGTCCTAA,TTAGGACTT
691,D03,F951,R938,L,ATTCGAATC,GAACTGTAT,ATACAGTTC
692,E03,F953,R938,L,ATTCGAATC,TGAATCCAA,TTGGATTCA
693,F03,F954,R938,L,ATTCGAATC,GAACATCGG,CCGATGTTC
694,G03,F962,R938,L,ATTCGAATC,AATGACAGA,TCTGTCATT
695,H03,F964,R938,L,ATTCGAATC,GTTGTAGCG,CGCTACAAC
696,A04,F946,R943,L,TGCTTATTC,TTGACGCTA,TAGCGTCAA
697,B04,F947,R943,L,TGCTTATTC,ATGCTCACA,TGTGAGCAT
698,C04,F949,R943,L,TGCTTATTC,AAGTCCTAA,TTAGGACTT
699,D04,F951,R943,L,TGCTTATTC,GAACTGTAT,ATACAGTTC
700,E04,F953,R943,L,TGCTTATTC,TGAATCCAA,TTGGATTCA
701,F04,F954,R943,L,TGCTTATTC,GAACATCGG,CCGATGTTC
702,G04,F962,R943,L,TGCTTATTC,AATGACAGA,TCTGTCATT
703,H04,F964,R943,L,TGCTTATTC,GTTGTAGCG,CGCTACAAC
704,A05,F946,R945,L,TCAGCTAAT,TTGACGCTA,TAGCGTCAA
705,B05,F947,R945,L,TCAGCTAAT,ATGCTCACA,TGTGAGCAT
706,C05,F949,R945,L,TCAGCTAAT,AAGTCCTAA,TTAGGACTT
707,D05,F951,R945,L,TCAGCTAAT,GAACTGTAT,ATACAGTTC
708,E05,F953,R945,L,TCAGCTAAT,TGAATCCAA,TTGGATTCA
709,F05,F954,R945,L,TCAGCTAAT,GAACATCGG,CCGATGTTC
710,G05,F962,R945,L,TCAGCTAAT,AATGACAGA,TCTGTCATT
711,H05,F964,R945,L,TCAGCTAAT,GTTGTAGCG,CGCTACAAC
712,A06,F946,R946,L,TGATTAAGC,TTGACGCTA,TAGCGTCAA
713,B06,F947,R946,L,TGATTAAGC,ATGCTCACA,TGTGAGCAT
714,C06,F949,R946,L,TGATTAAGC,AAGTCCTAA,TTAGGACTT
715,D06,F951,R946,L,TGATTAAGC,GAACTGTAT,ATACAGTTC
716,E06,F953,R946,L,TGATTAAGC,TGAATCCAA,TTGGATTCA
717,F06,F954,R946,L,TGATTAAGC,GAACATCGG,CCGATGTTC
718,G06,F962,R946,L,TGATTAAGC,AATGACAGA,TCTGTCATT
719,H06,F964,R946,L,TGATTAAGC,GTTGTAGCG,CGCTACAAC
720,A07,F946,R951,L,ATTGGTTGC,TTGACGCTA,TAGCGTCAA
721,B07,F947,R951,L,ATTGGTTGC,ATGCTCACA,TGTGAGCAT
722,C07,F949,R951,L,ATTGGTTGC,AAGTCCTAA,TTAGGACTT
723,D07,F951,R951,L,ATTGGTTGC,GAACTGTAT,ATACAGTTC
724,E07,F953,R951,L,ATTGGTTGC,TGAATCCAA,TTGGATTCA
725,F07,F954,R951,L,ATTGGTTGC,GAACATCGG,CCGATGTTC
726,G07,F962,R951,L,ATTGGTTGC,AATGACAGA,TCTGTCATT
727,H07,F964,R951,L,ATTGGTTGC,GTTGTAGCG,CGCTACAAC
728,A08,F946,R959,L,GCTATCGAT,TTGACGCTA,TAGCGTCAA
729,B08,F947,R959,L,GCTATCGAT,ATGCTCACA,TGTGAGCAT
730,C08,F949,R959,L,GCTATCGAT,AAGTCCTAA,TTAGGACTT
731,D08,F951,R959,L,GCTATCGAT,GAACTGTAT,ATACAGTTC
732,E08,F953,R959,L,GCTATCGAT,TGAATCCAA,TTGGATTCA
733,F08,F954,R959,L,GCTATCGAT,GAACATCGG,CCGATGTTC
734,G08,F962,R959,L,GCTATCGAT,AATGACAGA,TCTGTCATT
735,H08,F964,R959,L,GCTATCGAT,GTTGTAGCG,CGCTACAAC
736,A09,F946,R983,L,TAGCGACAA,TTGACGCTA,TAGCGTCAA
737,B09,F947,R983,L,TAGCGACAA,ATGCTCACA,TGTGAGCAT
738,C09,F949,R983,L,TAGCGACAA,AAGTCCTAA,TTAGGACTT
739,D09,F951,R983,L,TAGCGACAA,GAACTGTAT,ATACAGTTC
740,E09,F953,R983,L,TAGCGACAA,TGAATCCAA,TTGGATTCA
741,F09,F954,R983,L,TAGCGACAA,GAACATCGG,CCGATGTTC
742,G09,F962,R983,L,TAGCGACAA,AATGACAGA,TCTGTCATT
743,H09,F964,R983,L,TAGCGACAA,GTTGTAGCG,CGCTACAAC
744,A10,F946,R986,L,ACCTGAGGC,TTGACGCTA,TAGCGTCAA
745,B10,F947,R986,L,ACCTGAGGC,ATGCTCACA,TGTGAGCAT
746,C10,F949,R986,L,ACCTGAGGC,AAGTCCTAA,TTAGGACTT
747,D10,F951,R986,L,ACCTGAGGC,GAACTGTAT,ATACAGTTC
748,E10,F953,R986,L,ACCTGAGGC,TGAATCCAA,TTGGATTCA
749,F10,F954,R986,L,ACCTGAGGC,GAACATCGG,CCGATGTTC
750,G10,F962,R986,L,ACCTGAGGC,AATGACAGA,TCTGTCATT
751,H10,F964,R986,L,ACCTGAGGC,GTTGTAGCG,CGCTACAAC
752,A11,F946,R990,L,AGCCGATTA,TTGACGCTA,TAGCGTCAA
753,B11,F947,R990,L,AGCCGATTA,ATGCTCACA,TGTGAGCAT
754,C11,F949,R990,L,AGCCGATTA,AAGTCCTAA,TTAGGACTT
755,D11,F951,R990,L,AGCCGATTA,GAACTGTAT,ATACAGTTC
756,E11,F953,R990,L,AGCCGATTA,TGAATCCAA,TTGGATTCA
757,F11,F954,R990,L,AGCCGATTA,GAACATCGG,CCGATGTTC
758,G11,F962,R990,L,AGCCGATTA,AATGACAGA,TCTGTCATT
759,H11,F964,R990,L,AGCCGATTA,GTTGTAGCG,CGCTACAAC
760,A12,F946,R996,L,GATAGCGGA,TTGACGCTA,TAGCGTCAA
761,B12,F947,R996,L,GATAGCGGA,ATGCTCACA,TGTGAGCAT
762,C12,F949,R996,L,GATAGCGGA,AAGTCCTAA,TTAGGACTT
763,D12,F951,R996,L,GATAGCGGA,GAACTGTAT,ATACAGTTC
764,E12,F953,R996,L,GATAGCGGA,TGAATCCAA,TTGGATTCA
765,F12,F954,R996,L,GATAGCGGA,GAACATCGG,CCGATGTTC
766,G12,F962,R996,L,GATAGCGGA,AATGACAGA,TCTGTCATT
767,H12,F964,R996,L,GATAGCGGA,GTTGTAGCG,CGCTACAAC
