"Sample_ID","Sample_Name","Sample_Plate","Sample_Well","I7_Index_ID","index","I5_Index_ID","index2","Sample_Project","Description"
"1","a1","24-Well","A01","R807","GTATTATTG","F803","GCTGTAGTT","",""
"2","b1","24-Well","B01","R807","GTATTATTG","F807","AAATCTACG","",""
"3","c1","24-Well","C01","R807","GTATTATTG","F812","TCCTTCAAC","",""
"4","d1","24-Well","D01","R807","GTATTATTG","F814","GGTTTGGTA","",""
"5","e1","24-Well","E01","R807","GTATTATTG","F815","TTTCAATGA","",""
"6","f1","24-Well","F01","R807","GTATTATTG","F902","TGCCCAGAA","",""
"7","a2","24-Well","A02","R903","TAACGCGTC","F803","GCTGTAGTT","",""
"8","b2","24-Well","B02","R903","TAACGCGTC","F807","AAATCTACG","",""
"9","c2","24-Well","C02","R903","TAACGCGTC","F812","TCCTTCAAC","",""
"10","d2","24-Well","D02","R903","TAACGCGTC","F814","GGTTTGGTA","",""
"11","e2","24-Well","E02","R903","TAACGCGTC","F815","TTTCAATGA","",""
"12","f2","24-Well","F02","R903","TAACGCGTC","F902","TGCCCAGAA","",""
"13","a3","24-Well","A03","R904","AACACGTCT","F803","GCTGTAGTT","",""
"14","b3","24-Well","B03","R904","AACACGTCT","F807","AAATCTACG","",""
"15","c3","24-Well","C03","R904","AACACGTCT","F812","TCCTTCAAC","",""
"16","d3","24-Well","D03","R904","AACACGTCT","F814","GGTTTGGTA","",""
"17","e3","24-Well","E03","R904","AACACGTCT","F815","TTTCAATGA","",""
"18","f3","24-Well","F03","R904","AACACGTCT","F902","TGCCCAGAA","",""
"19","a4","24-Well","A04","R905","AGATAGCCT","F803","GCTGTAGTT","",""
"20","b4","24-Well","B04","R905","AGATAGCCT","F807","AAATCTACG","",""
"21","c4","24-Well","C04","R905","AGATAGCCT","F812","TCCTTCAAC","",""
"22","d4","24-Well","D04","R905","AGATAGCCT","F814","GGTTTGGTA","",""
"23","e4","24-Well","E04","R905","AGATAGCCT","F815","TTTCAATGA","",""
"24","f4","24-Well","F04","R905","AGATAGCCT","F902","TGCCCAGAA","",""
